gene_id,gene_name,between_tissue_gini,median_within_tissue_gini,median_within_tissue_cv,mean_global_tpm
ENSG00000188290.11,HES4,0.3520741009194875,0.3240061199919541,0.6605268120765686,29.649576
ENSG00000157933.11,SKI,0.3907077901247495,0.1695963943322924,0.3036389946937561,56.381714
ENSG00000197921.6,HES5,0.6198125988766807,0.5342754120854676,1.2274961471557615,2.580808
ENSG00000142611.17,PRDM16,0.6249650778182666,0.3106275314514661,0.5974273681640625,5.8983974
ENSG00000078900.16,TP73,0.7234238453578901,0.3983230895994168,0.8728363513946533,1.8967012
ENSG00000173673.9,HES3,0.6898271020537923,0.3514175408547577,0.6493016481399536,0.018493427
ENSG00000069812.11,HES2,0.8623189221111475,0.51168411830083,1.096976399421692,2.9824996
ENSG00000204859.13,ZBTB48,0.2968087927206779,0.1708344284226401,0.3114399313926697,25.901773
ENSG00000041988.16,THAP3,0.2233513977739144,0.1739747025422731,0.3151979744434356,14.12021
ENSG00000171735.21,CAMTA1,0.3367084612453691,0.1632354204749083,0.294764906167984,6.4508777
ENSG00000175279.22,CENPS,0.3627956595260836,0.1836811511139122,0.3297423720359802,12.830027
ENSG00000130940.15,CASZ1,0.5929735016412274,0.2615142544075461,0.4745396375656128,11.866877
ENSG00000116731.23,PRDM2,0.236942509584566,0.1486268732219393,0.2701787650585174,18.572008
ENSG00000065526.13,SPEN,0.2869677867560571,0.16259370798697,0.302665114402771,24.605545
ENSG00000116809.12,ZBTB17,0.2188698020466205,0.1567364746876902,0.2907577157020569,22.973852
ENSG00000009709.13,PAX7,0.8100732198966428,0.4629253857988831,0.8823758363723755,0.15237911
ENSG00000184677.18,ZBTB40,0.3152701799211614,0.1927003500506691,0.3523076772689819,15.571197
ENSG00000125945.16,ZNF436,0.3003978143679182,0.2689118281778795,0.5316419005393982,13.856052
ENSG00000007968.7,E2F2,0.7725753864340369,0.4880482944631453,1.0772782564163208,2.6219933
ENSG00000158055.17,GRHL3,0.8868396646085424,0.5142099468550104,1.3543411493301392,9.861878
ENSG00000020633.19,RUNX3,0.7822098874335935,0.35789072619842,0.7711548805236816,11.56353
ENSG00000176083.18,ZNF683,0.911049226656253,0.6349350656071766,1.593047261238098,3.3498337
ENSG00000131914.11,LIN28A,0.9399842768971955,0.2907920259037988,0.5132024884223938,0.28733414
ENSG00000126705.15,AHDC1,0.3555712568682523,0.2057351344060066,0.3957958221435547,24.059687
ENSG00000162419.13,GMEB1,0.2666354306444594,0.1381411364895,0.2450491786003112,4.964445
ENSG00000273274.2,ZBTB8B,0.6544142004027454,0.2726618223477733,0.5347985029220581,0.16195305
ENSG00000160062.15,ZBTB8A,0.3608085104076854,0.2177941399152674,0.4019450843334198,3.5033529
ENSG00000160094.15,ZNF362,0.2744761119632196,0.1700833290005847,0.3006587326526642,26.256884
ENSG00000121903.15,ZSCAN20,0.2784436132702581,0.2163291812090468,0.394547551870346,1.6114916
ENSG00000116819.9,TFAP2E,0.5878050218248053,0.2907455574245098,0.5573768615722656,5.8919063
ENSG00000188786.10,MTF1,0.2542434885064019,0.1609318352447238,0.2917835116386413,7.2987294
ENSG00000185668.8,POU3F1,0.8170723190529383,0.4441962830541084,1.0681389570236206,7.2745256
ENSG00000163909.8,HEYL,0.573807868550645,0.3425044264566326,0.6874717473983765,28.020731
ENSG00000116990.12,MYCL,0.7359274151915608,0.3938772546402715,0.8169272541999817,5.125118
ENSG00000117000.9,RLF,0.2654660920351136,0.2154549403461826,0.4143721759319305,14.891825
ENSG00000187801.15,ZFP69B,0.3441066691216439,0.2851785322080231,0.5377970337867737,1.1403909
ENSG00000187815.10,ZFP69,0.234886624279991,0.2074766892904104,0.3780644834041595,3.2151186
ENSG00000117010.17,ZNF684,0.2160900612741922,0.2006161105249485,0.3643099963665008,2.5767472
ENSG00000066136.21,NFYC,0.2208919273698511,0.1178062732696952,0.2106681168079376,27.376453
ENSG00000010803.17,SCMH1,0.3488525141631821,0.160297941465922,0.2916319966316223,31.381758
ENSG00000204060.8,FOXO6,0.4824309757359236,0.3189020020308011,0.5885874629020691,3.4242089
ENSG00000127124.16,HIVEP3,0.3849472574469682,0.252264410552785,0.5084360837936401,2.986774
ENSG00000198815.9,FOXJ3,0.2328606301287943,0.1421337950535891,0.2615941762924194,25.568645
ENSG00000065978.19,YBX1,0.361975904687623,0.1619057172172758,0.2970613241195678,316.06607
ENSG00000164011.18,ZNF691,0.2615834622362719,0.1954827338091032,0.3484818935394287,10.579258
ENSG00000171872.5,KLF17,0.8617324728321659,0.4851438614229705,0.9565722346305848,0.7834111
ENSG00000159588.15,CCDC17,0.6520085670250313,0.2822579825981323,0.5415699481964111,4.672945
ENSG00000159592.11,GPBP1L1,0.2360329798930207,0.1354217915882398,0.2426885813474655,32.07032
ENSG00000197587.12,DMBX1,0.8302773586930768,0.7098572877067862,1.8396154642105105,0.09800607
ENSG00000162367.12,TAL1,0.4542095559627748,0.3146331895252878,0.6372649669647217,5.8907766
ENSG00000186790.6,FOXE3,0.6363253217371622,0.4528240167271536,0.9536635875701904,0.22948997
ENSG00000186564.6,FOXD2,0.7261554743822783,0.3988310153846381,0.8193504810333252,2.4018645
ENSG00000142700.12,DMRTA2,0.8282888977945826,0.4636017094835059,1.001965045928955,0.30352536
ENSG00000143006.7,DMRTB1,0.9766992999492636,0.3801700947131089,0.9196121096611024,2.600271
ENSG00000174332.6,GLIS1,0.5792112459196274,0.3763150729538453,0.7314382791519165,2.0636039
ENSG00000162601.12,MYSM1,0.2897703983402571,0.1901895335057557,0.3486195206642151,12.068015
ENSG00000177606.9,JUN,0.4029736234611238,0.4032800122472063,0.8835773468017578,262.3948
ENSG00000162599.18,NFIA,0.3237073452065801,0.1711595044668879,0.311911016702652,11.650819
ENSG00000187140.6,FOXD3,0.8202442231554491,0.5642314311427404,1.2843226194381714,1.3917831
ENSG00000162624.16,LHX8,0.8578206856678343,0.5464455291150254,1.287694215774536,0.17360921
ENSG00000036549.13,ZZZ3,0.263263565345872,0.1646851789480931,0.2988133728504181,9.6003
ENSG00000137947.12,GTF2B,0.2141703971586024,0.1413581872638482,0.2585874795913696,20.412666
ENSG00000162664.17,ZNF326,0.2310532654922964,0.1613682348226512,0.2955969274044037,9.686437
ENSG00000143032.8,BARHL2,0.9550411685924084,0.7093180253280316,2.2133092880249023,2.637525
ENSG00000122482.22,ZNF644,0.2507078059446866,0.170743987425792,0.3182249367237091,10.267529
ENSG00000162676.13,GFI1,0.6736535866890432,0.3556078789637761,0.717171847820282,1.3735019
ENSG00000143033.18,MTF2,0.2939967692984832,0.2006669346802526,0.3855617940425873,11.049628
ENSG00000117505.13,DR1,0.2562835831732329,0.1564372751353421,0.2833980917930603,11.888891
ENSG00000156150.9,ALX3,0.7014276922206842,0.5943760130737665,1.3159034252166748,0.11452592
ENSG00000177551.5,NHLH2,0.7918747506643744,0.3689588597890529,0.7801520824432373,0.55331117
ENSG00000092607.15,TBX15,0.8165928503147942,0.3929521482847878,0.8311256170272827,11.646101
ENSG00000143067.5,ZNF697,0.3725080551804916,0.2545629565821851,0.4838374555110931,3.9935129
ENSG00000143437.21,ARNT,0.3160560768299213,0.1615226936208666,0.2898697853088379,33.23492
ENSG00000143379.13,SETDB1,0.2925261420236979,0.1509542763941894,0.269067108631134,17.493822
ENSG00000143373.18,ZNF687,0.2419884128917464,0.1430455018802341,0.2584633231163025,15.520593
ENSG00000143390.18,RFX5,0.3066491779955318,0.1825785958404029,0.3335217833518982,22.958818
ENSG00000143365.20,RORC,0.6891890914697905,0.4685758125967924,1.0894668102264404,15.122993
ENSG00000143614.11,GATAD2B,0.2491209881723231,0.169239539188143,0.308025598526001,16.130804
ENSG00000143578.16,CREB3L4,0.4805831032008618,0.2147639386939322,0.3913633525371551,11.145519
ENSG00000160685.14,ZBTB7B,0.4294390434278449,0.1933310511231541,0.3559466004371643,51.85648
ENSG00000116539.14,ASH1L,0.2440089653955174,0.1848538157016822,0.327599823474884,19.528704
ENSG00000198715.13,GLMP,0.3313279625742465,0.2006631057020859,0.3671633303165436,18.809479
ENSG00000116604.19,MEF2D,0.3181438725940322,0.1787067933903897,0.3296549320220947,55.212708
ENSG00000253831.3,ETV3L,0.7734016869640924,0.5528038964199009,1.408195972442627,0.10169118
ENSG00000117036.12,ETV3,0.3450928480146356,0.1932987015248842,0.3836357295513153,11.398972
ENSG00000171786.6,NHLH1,0.4640993829261052,0.3683287541616116,0.7253961563110352,0.62080616
ENSG00000158773.14,USF1,0.2531073407358309,0.1412668068247106,0.2685157060623169,66.79567
ENSG00000143257.12,NR1I3,0.8033381955461918,0.297114182223994,0.5740100741386414,2.1521275
ENSG00000118217.7,ATF6,0.2383615411967646,0.1580488164592583,0.2878822982311249,9.651725
ENSG00000185630.20,PBX1,0.4850518038334493,0.2275162914928737,0.4176430106163025,17.85496
ENSG00000162761.14,LMX1A,0.7263778613639575,0.5630420659555395,1.2377525568008425,0.3555468
ENSG00000143171.13,RXRG,0.6022129231952539,0.4068929750741743,0.8909566402435303,5.9126506
ENSG00000143157.12,POGK,0.2066676424349786,0.1571027268616857,0.2829022407531738,16.74138
ENSG00000143190.23,POU2F1,0.2835903017318808,0.1779570636751046,0.3283801972866058,5.589442
ENSG00000143178.13,TBX19,0.597416017221163,0.3057080579296469,0.6063251495361328,6.3955774
ENSG00000116132.12,PRRX1,0.6076649275477487,0.2850113709546441,0.5703449249267578,26.793175
ENSG00000185278.16,ZBTB37,0.2888149354307338,0.208551336542569,0.3961230814456939,4.318004
ENSG00000121454.6,LHX4,0.3580140190622998,0.2629193126295072,0.4841910898685455,1.7402401
ENSG00000179930.6,ZNF648,0.6713014468440185,0.443341560210126,0.8544167280197144,0.0927708
ENSG00000177888.8,ZBTB41,0.254620487207851,0.202636306519129,0.3640525639057159,5.66923
ENSG00000143355.16,LHX9,0.8563949497647011,0.5939506785287068,1.4038312435150146,0.15751861
ENSG00000116833.14,NR5A2,0.6914388319154732,0.3781524041630613,0.7314043045043945,2.118411
ENSG00000162702.8,ZNF281,0.2949088663104011,0.2155716680399288,0.3988460898399353,7.9287314
ENSG00000232237.5,ASCL5,0.4355286089287974,0.4221870234763681,0.8124197125434875,0.32632598
ENSG00000163435.16,ELF3,0.7705098923461279,0.4832435600750972,1.093914031982422,19.9229
ENSG00000117139.18,KDM5B,0.4070477806258827,0.1698726125505995,0.3225125074386596,11.772527
ENSG00000122180.5,MYOG,0.94882131288521,0.5058308971211305,1.0798053741455078,3.9720838
ENSG00000257315.4,ZBED6,0.3624140925722222,0.3227675837153141,0.5952044725418091,2.1148028
ENSG00000143842.15,SOX13,0.4433241603802054,0.2087067282728968,0.3964894711971283,21.752104
ENSG00000158711.14,ELK4,0.3199194048413997,0.1833199124062417,0.3422394096851349,12.222206
ENSG00000117595.13,IRF6,0.725666795596333,0.3913398624667934,0.8249809741973877,26.182634
ENSG00000162772.18,ATF3,0.4778094893565573,0.5780523764122436,1.5150446891784668,65.15692
ENSG00000123685.9,BATF3,0.3914969978437443,0.3563418284603537,0.7363634705543518,3.5241623
ENSG00000117707.17,PROX1,0.5307190994703239,0.3583206265053663,0.7158603072166443,3.730075
ENSG00000196482.18,ESRRG,0.5863678671293711,0.3985583881232607,0.79679274559021,1.1415043
ENSG00000136630.13,HLX,0.5360309809880655,0.3052606956081855,0.6175451278686523,20.851227
ENSG00000185155.12,MIXL1,0.6766467776791455,0.5097222981608394,1.1281472444534302,0.25925228
ENSG00000181450.18,ZNF678,0.2817568759479321,0.2191219922748033,0.4067088663578033,2.1939805
ENSG00000179456.12,ZBTB18,0.588805916949201,0.1857172023735304,0.3417231142520904,31.971403
ENSG00000185420.19,SMYD3,0.2555961187822161,0.2018763933337263,0.3668735027313232,5.4563212
ENSG00000153207.16,AHCTF1,0.2983710171123241,0.1681312475045003,0.3070124387741089,16.046915
ENSG00000197472.15,ZNF695,0.6500247383449043,0.4202291018556335,0.808163583278656,0.18499495
ENSG00000277462.2,ZNF670,0.3134445763563088,0.2096847659996592,0.388762503862381,2.0770671
ENSG00000188295.15,ZNF669,0.2909612024036894,0.2255032556992096,0.4071442484855652,2.9046485
ENSG00000196418.13,ZNF124,0.3367440027906162,0.2245718055217761,0.4135893583297729,1.5110519
ENSG00000162714.13,ZNF496,0.3299353301444103,0.184062527817432,0.332279622554779,10.10184
ENSG00000171161.13,ZNF672,0.1976627798311834,0.1312400028802971,0.240007147192955,23.956606
ENSG00000171163.16,ZNF692,0.2977971600400945,0.2454099811888517,0.4555991590023041,40.545357
ENSG00000186487.21,MYT1L,0.7930379477467238,0.3955117922709637,0.7176607251167297,1.2377515
ENSG00000176887.7,SOX11,0.6944527731635042,0.3686665634639353,0.702397882938385,0.35865262
ENSG00000134317.18,GRHL1,0.8036245560239008,0.3770268652271753,0.8297775983810425,17.878609
ENSG00000172059.11,KLF11,0.4228950471182901,0.258194894541793,0.463604211807251,20.592522
ENSG00000169016.17,E2F6,0.2218011143166663,0.1641472469268081,0.2961031794548034,8.497854
ENSG00000134323.13,MYCN,0.5278986434368682,0.3951380324301015,0.810809314250946,1.8625705
ENSG00000151379.4,MSGN1,0.774091553117178,0.5341704992209578,1.162808179855347,0.033070583
ENSG00000143867.7,OSR1,0.6672352706099663,0.4304111421127341,0.9050325751304626,27.862198
ENSG00000084676.16,NCOA1,0.1950666852818522,0.1661110259309677,0.3044935166835785,26.146084
ENSG00000115163.15,CENPA,0.7857919653354436,0.51893204781936,1.237543702125549,2.3265524
ENSG00000138073.14,PREB,0.2367991876575925,0.1710712800922927,0.3103498220443725,66.812225
ENSG00000163792.6,TCF23,0.920032049063705,0.6444355953988146,1.755100965499878,1.7706176
ENSG00000163795.14,ZNF513,0.2341729990344245,0.1465965693554859,0.2734952569007873,28.492588
ENSG00000243943.10,ZNF512,0.3026730488684798,0.1805416108233571,0.3269045650959015,29.885574
ENSG00000075426.12,FOSL2,0.4349782995544133,0.3174140618598756,0.6358223557472229,110.026474
ENSG00000115816.15,CEBPZ,0.2714401777172495,0.197434846892135,0.3568252921104431,21.36548
ENSG00000138083.5,SIX3,0.8883240400339509,0.5486820514546775,1.135253667831421,3.1805227
ENSG00000170577.8,SIX2,0.7283307646785325,0.4846059758883189,1.108930230140686,4.7590857
ENSG00000116016.14,EPAS1,0.5226468647050753,0.2335732498937678,0.4520637094974518,218.83704
ENSG00000170802.17,FOXN2,0.3123400506830315,0.2124132476816279,0.3978450000286102,9.366387
ENSG00000119866.22,BCL11A,0.5731200169970426,0.3496692511844738,0.6509438157081604,1.8466911
ENSG00000162924.16,REL,0.454008717683168,0.3004339651813738,0.603171169757843,3.175583
ENSG00000115507.10,OTX1,0.8388216726261186,0.4058832839013274,0.8105839490890503,1.55919
ENSG00000143995.20,MEIS1,0.5977225030195198,0.2466287730651317,0.4825680255889892,18.15621
ENSG00000059728.11,MXD1,0.6637127702587868,0.2982982545728209,0.656217634677887,47.816643
ENSG00000183733.6,FIGLA,0.6275074447563499,0.5993993219772507,1.2863047122955322,0.16949396
ENSG00000116035.4,VAX2,0.567140256028235,0.3314039651086604,0.6472130417823792,1.7423812
ENSG00000135638.14,EMX1,0.869942123898948,0.4278671825254205,0.8664478063583374,0.74532425
ENSG00000214513.4,NOTO,0.5578931146465694,0.3128752094357189,0.5600525140762329,0.019516397
ENSG00000135625.8,EGR4,0.8244736044313686,0.6621679356337344,2.139008045196533,2.6688535
ENSG00000187605.17,TET3,0.4379959649427883,0.2443771126584624,0.4563865065574646,6.7860527
ENSG00000179528.16,LBX2,0.4849124790472497,0.3817464111996759,0.7602112889289856,0.6221406
ENSG00000115297.11,TLX2,0.7148852055448999,0.4214719735807709,0.8410945534706116,0.25471175
ENSG00000176407.18,KCMF1,0.1889965235403879,0.1367255178704092,0.2534058392047882,16.251728
ENSG00000152284.5,TCF7L1,0.4725429165390793,0.2046599968321183,0.3793185651302337,25.686602
ENSG00000168874.14,ATOH8,0.5157833156135804,0.3392386442514636,0.6765225529670715,16.49615
ENSG00000214336.5,FOXI3,0.7738644627735476,0.6348111223579186,1.609687566757202,0.043404076
ENSG00000144026.14,ZNF514,0.3355245585056319,0.2535779436785996,0.4795272946357727,11.990765
ENSG00000275111.5,ZNF2,0.2271463636057537,0.1947749888136142,0.345234215259552,2.928796
ENSG00000115041.14,KCNIP3,0.4204867696042799,0.2487769880880097,0.4595576524734497,9.648851
ENSG00000196843.18,ARID5A,0.4804174919923318,0.3726096805153184,0.8499758839607239,62.57254
ENSG00000170485.17,NPAS2,0.265347683169914,0.2590287985650835,0.4827857613563537,17.538668
ENSG00000196460.14,RFX8,0.6815652932298526,0.4382969460957522,0.9058210849761964,2.4956143
ENSG00000198914.5,POU3F3,0.720006094270492,0.390787491892938,0.7912101149559021,6.0763674
ENSG00000144161.14,ZC3H8,0.2408367104608232,0.1796026952045894,0.3296577930450439,5.7467365
ENSG00000125618.18,PAX8,0.9344291557638856,0.4078039139739251,0.8304232954978943,48.61281
ENSG00000184492.7,FOXD4L1,0.5239774233982869,0.4316974913510418,0.8530619740486145,0.24044912
ENSG00000163064.7,EN1,0.8626641952718451,0.550590391312827,1.285483479499817,2.446823
ENSG00000074047.22,GLI2,0.5163189969155275,0.318951928651555,0.6172810196876526,3.6194055
ENSG00000115112.8,TFCP2L1,0.7941751689831585,0.5074847729986153,1.2000300884246826,14.676886
ENSG00000169554.23,ZEB2,0.3911750101202607,0.2605088949656012,0.5363479852676392,16.847132
ENSG00000153234.16,NR4A2,0.5477689818657205,0.5329080475518596,1.2687952518463137,32.118607
ENSG00000123636.20,BAZ2B,0.2551147979707597,0.1739231742160277,0.3220864534378052,7.9615006
ENSG00000136535.15,TBR1,0.928347485816816,0.5259295089519256,1.2475969791412354,1.4482429
ENSG00000178662.16,CSRNP3,0.4896790343443444,0.3345096216532504,0.652841329574585,1.7945751
ENSG00000204335.4,SP5,0.6265177073970972,0.4425340959706396,0.8875980377197266,1.4734858
ENSG00000144355.15,DLX1,0.7531042974866359,0.4686665303487591,0.9535051584243774,1.5393267
ENSG00000115844.11,DLX2,0.6699950744334119,0.5139051494028947,1.1944555044174194,0.505444
ENSG00000172845.18,SP3,0.304446018807109,0.1616165401304178,0.2930215001106262,13.615808
ENSG00000217236.2,SP9,0.7949763701385848,0.5131373446082208,1.0983855724334717,0.98163414
ENSG00000115966.18,ATF2,0.2372404815057968,0.1749995278157146,0.3238601982593536,20.956064
ENSG00000174279.5,EVX2,0.9097850072465468,0.5090631012746598,1.0817272663116455,0.26699847
ENSG00000128714.6,HOXD13,0.9122173532079286,0.5751525596061268,1.350697040557861,1.4846979
ENSG00000170178.7,HOXD12,0.9081618452366864,0.5229845669546347,1.0461641550064087,0.09054964
ENSG00000128713.14,HOXD11,0.8758717897985473,0.501682812731681,1.0288126468658447,0.6678603
ENSG00000128710.6,HOXD10,0.854534412131551,0.5402390758063254,1.2610368728637695,4.336607
ENSG00000128709.13,HOXD9,0.7817423709374856,0.3676727175994408,0.7453726530075073,11.055936
ENSG00000175879.9,HOXD8,0.6309984056904229,0.295202532060448,0.5748368501663208,7.0355744
ENSG00000128652.12,HOXD3,0.6757153142120473,0.3390258458993549,0.6842840313911438,2.3001926
ENSG00000170166.6,HOXD4,0.6836449637765707,0.3073285600626022,0.6185007691383362,6.3666697
ENSG00000128645.15,HOXD1,0.6044566009292135,0.5807610392902802,1.1528639793395996,0.5190273
ENSG00000116044.17,NFE2L2,0.310106227202745,0.1927811083915303,0.35865119099617,45.40333
ENSG00000144331.20,ZNF385B,0.587450975309042,0.405649628103555,0.8151994943618774,4.419024
ENSG00000162992.5,NEUROD1,0.95040410170764,0.45711769022817,1.0845972299575806,2.9867454
ENSG00000170396.9,ZNF804A,0.6927326300287052,0.4346686384332555,0.8801210522651672,0.98306423
ENSG00000115415.21,STAT1,0.4136623593849519,0.2654420731889175,0.628374457359314,31.526966
ENSG00000138378.20,STAT4,0.510457354032206,0.3632462242066857,0.7373051047325134,2.955904
ENSG00000119042.18,SATB2,0.4632858838273869,0.2533839263131696,0.4964388608932495,2.3238373
ENSG00000138380.18,CARF,0.2705564101979761,0.2381212498282467,0.4442896246910095,4.407757
ENSG00000118263.16,KLF7,0.3312771497498951,0.2210152387207452,0.4047189354896545,14.018578
ENSG00000118260.15,CREB1,0.2602690026124557,0.1541585354992393,0.2819996774196625,8.941058
ENSG00000030419.17,IKZF2,0.6413584718244811,0.2826004892716502,0.5565707683563232,5.500164
ENSG00000115568.16,ZNF142,0.2394074544739726,0.157320379373087,0.2833936810493469,9.074062
ENSG00000163497.3,FEV,0.7638159908940917,0.5528708904243949,1.0961838960647583,0.53691906
ENSG00000163516.14,ANKZF1,0.312498355398618,0.2051127438193887,0.3927177786827087,52.39002
ENSG00000135903.20,PAX3,0.7781276438166335,0.3912030023890819,0.7789257764816284,0.38818607
ENSG00000135899.20,SP110,0.4506247723639209,0.2303508588956697,0.4364592730998993,9.9482765
ENSG00000079263.19,SP140,0.7799971515920108,0.3414177336837343,0.7634409666061401,3.3135993
ENSG00000185404.17,SP140L,0.4417060016204938,0.2202558428458594,0.4314975440502167,8.9240265
ENSG00000067066.17,SP100,0.415282874240477,0.2082824139685173,0.3727734684944153,24.969105
ENSG00000221944.9,TIGD1,0.2603714350939145,0.2349789560330386,0.4302435219287872,4.22301
ENSG00000168505.7,GBX2,0.8129497401361995,0.4208186476121903,1.0495054721832275,0.22014767
ENSG00000144485.11,HES6,0.4668149889019304,0.2722073746020437,0.5521230101585388,13.352525
ENSG00000233608.5,TWIST2,0.7015494291887727,0.3331928350614536,0.6705341339111328,25.99582
ENSG00000122085.17,MTERF4,0.2887133616971306,0.1617478894680785,0.2943812608718872,14.991
ENSG00000176946.13,THAP4,0.1642419001980332,0.121276584685912,0.2182914316654205,41.097126
ENSG00000134107.5,BHLHE40,0.4359039080312123,0.3629289132952302,0.7705383896827698,219.99445
ENSG00000132170.24,PPARG,0.6416481151556755,0.3075340744104978,0.6153950691223145,10.006489
ENSG00000177463.16,NR2C2,0.2919098994214955,0.2117233382704044,0.3820270597934723,4.2413692
ENSG00000131381.13,RBSN,0.2059297831207832,0.1645800643801104,0.2929292619228363,13.009492
ENSG00000182568.18,SATB1,0.2756987728153948,0.216951661281557,0.3890586495399475,12.104295
ENSG00000151789.13,ZNF385D,0.5440298860563607,0.3784018713972396,0.7585533857345581,2.6651118
ENSG00000174738.14,NR1D2,0.2700727214096527,0.26363722497803,0.4781919419765472,22.706005
ENSG00000151090.20,THRB,0.4588754573424397,0.2491746835052419,0.4654059410095215,7.958906
ENSG00000077092.20,RARB,0.4211781153467293,0.283428888986844,0.5480024814605713,2.974961
ENSG00000163508.13,EOMES,0.8118530007060172,0.5090646313282163,1.1655278205871582,2.3511539
ENSG00000197385.6,ZNF860,0.4862816814621057,0.3330973759526718,0.6831820607185364,0.79635966
ENSG00000153560.12,UBP1,0.254899563128359,0.1557443228301484,0.2783110737800598,38.690205
ENSG00000144655.15,CSRNP1,0.4189068171754168,0.3450873479914383,0.7238345146179199,67.24236
ENSG00000177873.14,ZNF619,0.2329210796439514,0.190233710474271,0.3474404811859131,2.6380932
ENSG00000177842.12,ZNF620,0.2727776611428834,0.202673042416554,0.3760574162006378,1.7474129
ENSG00000172888.12,ZNF621,0.2354352144511537,0.1920397282574005,0.3532990217208862,10.881447
ENSG00000114853.15,ZBTB47,0.2906404713559262,0.198595112508616,0.3613748848438263,40.398586
ENSG00000182983.15,ZNF662,0.4020814997198686,0.2064496782073531,0.3837044239044189,8.118676
ENSG00000185219.18,ZNF445,0.2694877977724805,0.1720609394110601,0.3238740861415863,5.5184283
ENSG00000178917.19,ZNF852,0.2935683448868725,0.1898068354043981,0.3627752065658569,3.8309376
ENSG00000196345.13,ZKSCAN7,0.351476946235539,0.2305491837193859,0.4157849550247192,3.0719957
ENSG00000144792.9,ZNF660,0.3956823884053328,0.2467413654956394,0.4705617725849151,1.7677002
ENSG00000186448.15,ZNF197,0.2366012677294781,0.159500209311186,0.2912571430206299,5.922812
ENSG00000169981.11,ZNF35,0.2554003532791873,0.1725951405304669,0.3131660223007202,5.465227
ENSG00000196653.12,ZNF502,0.3261668026000519,0.1920678946467745,0.3648363053798675,5.715819
ENSG00000186446.12,ZNF501,0.278611545249022,0.2215214253589287,0.4051899015903473,2.3580909
ENSG00000012223.13,LTF,0.8991192909273559,0.6051854153767188,1.9825232028961184,68.470726
ENSG00000164048.14,ZNF589,0.3641898558700073,0.2178379567672257,0.4014208316802978,13.19345
ENSG00000163666.10,HESX1,0.3053479652438975,0.2681073128027858,0.5170233845710754,1.490732
ENSG00000153266.13,FEZF2,0.8800266483292672,0.3287645980702605,0.6737431287765503,1.4487445
ENSG00000144747.17,TMF1,0.2898409524864406,0.1689886308065974,0.3116354346275329,15.539262
ENSG00000187098.18,MITF,0.551892959492695,0.2544545526960965,0.4852006733417511,9.984967
ENSG00000114861.24,FOXP1,0.3876211669739233,0.1898220624452317,0.3512786030769348,8.352766
ENSG00000227124.11,ZNF717,0.2717405210225103,0.1878124210981208,0.3384948670864105,2.2353635
ENSG00000064835.12,POU1F1,0.9514616359709718,0.4928848511231098,1.0659385919570925,1.9360408
ENSG00000163320.12,CGGBP1,0.2505864306585344,0.1833027812216119,0.3355798423290252,33.404552
ENSG00000175105.8,ZNF654,0.2770424813501894,0.1978442091029262,0.3572188913822174,7.402398
ENSG00000066422.7,ZBTB11,0.2190822303565631,0.1707441300434889,0.3081322908401489,9.216633
ENSG00000114439.19,BBX,0.3002495707422268,0.2007045107246799,0.3739471137523651,13.395202
ENSG00000177494.6,ZBED2,0.8911502223513529,0.584456285813624,1.4246094226837158,5.0723815
ENSG00000176542.10,USF3,0.2062663116101837,0.1742487328944528,0.3147870600223541,4.6712537
ENSG00000174255.8,ZNF80,0.6473747498174846,0.5717951106078905,1.2984853982925415,0.43097714
ENSG00000181722.18,ZBTB20,0.3913475142450835,0.2948870694046402,0.5755395293235779,0.78122085
ENSG00000144852.20,NR1I2,0.9017159728854914,0.3834173615701783,0.7490494251251221,1.5215241
ENSG00000186103.5,ARGFX,0.5621195590323917,0.2597690953386418,0.4837968647480011,0.011147285
ENSG00000163848.21,ZNF148,0.2479992647482563,0.1707422536628328,0.3066383302211761,7.250044
ENSG00000163884.4,KLF15,0.3918454438187543,0.343580201047475,0.6279927492141724,36.896763
ENSG00000070476.15,ZXDC,0.2590225003945217,0.1532762491522489,0.2712401151657104,18.028318
ENSG00000179348.13,GATA2,0.621866023455515,0.3029514155924723,0.5785634517669678,14.250171
ENSG00000129071.10,MBD4,0.2410642500295526,0.1564161771562857,0.281393826007843,28.918333
ENSG00000168875.3,SOX14,0.9017145962054968,0.6593740056070367,1.5681655406951904,0.08056162
ENSG00000183770.7,FOXL2,0.8981333267915641,0.3420330934826942,0.6771710515022278,2.0410144
ENSG00000177311.12,ZBTB38,0.3414683337890379,0.204184401534941,0.3757686018943786,15.997391
ENSG00000114126.18,TFDP2,0.2620654353664026,0.1869491520747112,0.3457536697387695,10.036448
ENSG00000188313.13,PLSCR1,0.3552901412406694,0.3032483563639534,0.6374476552009583,33.841187
ENSG00000174963.18,ZIC4,0.9353674434281356,0.3464971485794431,0.6988636255264282,4.5793605
ENSG00000152977.10,ZIC1,0.928672085668378,0.3857931523696829,1.0199933052062988,11.766984
ENSG00000168779.21,SHOX2,0.7663032721904707,0.5040667282465796,1.2336933612823486,5.1219163
ENSG00000085276.19,MECOM,0.4944887565240243,0.2969801027120721,0.570293128490448,6.663851
ENSG00000085274.16,MYNN,0.2375249042718245,0.1496018774730544,0.2743653059005737,7.507742
ENSG00000136603.15,SKIL,0.2973962107400148,0.2250388262191065,0.427726149559021,11.956934
ENSG00000121864.10,ZNF639,0.2458464256361554,0.1552882340257992,0.2833651006221771,9.610711
ENSG00000181449.4,SOX2,0.6791334445216525,0.3730331484068933,0.7609772086143494,12.898146
ENSG00000244405.8,ETV5,0.3244601870686867,0.2492020731159461,0.4551064372062683,11.0016575
ENSG00000113916.18,BCL6,0.4371570979122436,0.3418091657035644,0.6966301798820496,161.07483
ENSG00000073282.14,TP63,0.8676514523053257,0.4326343497164729,1.1258538961410522,14.87014
ENSG00000114315.4,HES1,0.5008202682033734,0.3233976077590128,0.6470177173614502,81.82247
ENSG00000272602.6,ZNF595,0.3005315530733364,0.1990211888319482,0.3721752166748047,5.9216847
ENSG00000250312.8,ZNF718,0.2734379846498136,0.2483949907162047,0.4576627612113952,2.658314
ENSG00000186777.13,ZNF732,0.4263098686455802,0.3445651379500862,0.6480343341827393,0.6690748
ENSG00000131127.14,ZNF141,0.3177652665974798,0.2299991674901815,0.4385513067245483,5.016418
ENSG00000182903.16,ZNF721,0.2359351486673636,0.1996461896892025,0.3647733926773071,10.56678
ENSG00000235608.2,NKX1-1,0.8131643689346385,0.5393198515225017,1.4688959121704102,0.043119155
ENSG00000123933.17,MXD4,0.3320711715204399,0.180945158661424,0.3365905284881592,65.42853
ENSG00000188981.11,MSANTD1,0.4574940346406617,0.2920790908864996,0.5573013424873352,0.6065684
ENSG00000168826.16,ZBTB49,0.295993966342987,0.1832344861228304,0.3287596702575683,5.602332
ENSG00000163132.8,MSX1,0.5646828216285218,0.3209094748769616,0.6776580810546875,11.4416685
ENSG00000215612.8,HMX1,0.7331833777510525,0.2533702767017152,0.4987740814685821,0.26544422
ENSG00000178163.8,ZNF518B,0.274756791807525,0.1893944277734554,0.34540855884552,4.8608966
ENSG00000109705.8,NKX3-2,0.8403284002762134,0.5698254479087507,1.2861976623535156,2.560143
ENSG00000237765.8,FAM200B,0.2051101622108892,0.175832052412163,0.326901227235794,12.858774
ENSG00000178177.17,LCORL,0.2805436986967977,0.1915286554316168,0.3545907437801361,1.4443951
ENSG00000168214.22,RBPJ,0.2625314534501107,0.1731417751775018,0.3135592937469482,26.540573
ENSG00000109787.13,KLF3,0.3437006414526171,0.1845552891295404,0.3577672839164734,29.671385
ENSG00000109132.7,PHOX2B,0.8958719680763022,0.5993276991190677,1.3053561449050903,0.31947196
ENSG00000170448.12,NFXL1,0.3148098989684993,0.1781517121135105,0.3275673687458038,7.7588434
ENSG00000180613.11,GSX2,0.7255722769743462,0.4357086688159477,1.0106980800628662,0.20072982
ENSG00000134852.15,CLOCK,0.2501450215870582,0.1688239153884381,0.3078005313873291,8.476485
ENSG00000084093.19,REST,0.327833969936079,0.1833120306750494,0.3322646915912628,7.404917
ENSG00000174796.12,THAP6,0.2523266654137878,0.1885447226261638,0.3466220200061798,5.312474
ENSG00000152784.16,PRDM8,0.4952184183967176,0.3312192013504069,0.6510111093521118,7.468295
ENSG00000168152.13,THAP9,0.2858772567078508,0.2000410727951862,0.3902736604213714,3.2073193
ENSG00000189308.11,LIN54,0.2080511815407427,0.1711773937100326,0.3052582144737243,4.333497
ENSG00000163623.10,NKX6-1,0.9311691826524964,0.37163488543783,0.891006350517273,7.3428416
ENSG00000180346.5,TIGD2,0.3774038879449671,0.2305666130081876,0.4190615713596344,4.0314283
ENSG00000172238.6,ATOH1,0.9548324316536702,0.5270806542650067,0.956995129585266,0.83579594
ENSG00000109320.14,NFKB1,0.3558242772963814,0.1829737774424019,0.3442685604095459,27.537672
ENSG00000168772.12,CXXC4,0.4614544965536366,0.3317084938504074,0.6493967175483704,1.4975538
ENSG00000168769.14,TET2,0.3732839931531651,0.1944625706940365,0.3594553768634796,5.931362
ENSG00000138795.10,LEF1,0.481886644384204,0.3353247989594846,0.7357097864151001,4.2879677
ENSG00000164093.18,PITX2,0.8369446598430504,0.575856100057791,1.4145479202270508,2.2558737
ENSG00000178403.4,NEUROG2,0.8813706657132521,0.4711947258889417,0.933409869670868,0.5244872
ENSG00000138738.11,PRDM5,0.42664824460163,0.2291124462596415,0.4204647541046142,2.9615908
ENSG00000109381.21,ELF2,0.2491662734022486,0.1500565234175275,0.2727188169956207,18.687447
ENSG00000170365.10,SMAD1,0.260206991661482,0.2005600738413838,0.3879145085811615,12.859188
ENSG00000151612.18,ZNF827,0.3508247695674755,0.2068247036412903,0.3727937936782837,3.8044674
ENSG00000151615.3,POU4F2,0.9102592137902225,0.8413299966332233,3.499485731124878,0.07344361
ENSG00000151623.15,NR3C2,0.2859050912590357,0.2388146302141449,0.4357302486896515,7.3300138
ENSG00000169989.3,TIGD4,0.5175109925061759,0.3186946155610227,0.60370272397995,0.6546955
ENSG00000164107.9,HAND2,0.7050813808314129,0.4094791709156716,0.8889274001121521,16.624744
ENSG00000168310.12,IRF2,0.3105042337049457,0.1619952626283931,0.2967418432235718,13.495316
ENSG00000187821.9,HELT,0.8832125408478122,0.5276762568882006,1.0771437883377075,0.15241118
ENSG00000179059.10,ZFP42,0.9362392467378048,0.674132963533055,1.5268049240112305,0.13077535
ENSG00000260596.5,DUX4,0.90967969175743,0.5510252605504349,1.0603902339935305,0.0039027752
ENSG00000063438.20,AHRR,0.6361134680849455,0.450818084353884,1.09704852104187,3.2177303
ENSG00000113430.11,IRX4,0.8614554415704296,0.5260700059143559,1.1578270196914673,3.8450148
ENSG00000170561.13,IRX2,0.7739923878291027,0.4336390158602358,1.0104804039001465,6.6218786
ENSG00000170549.4,IRX1,0.7752853729285204,0.4251055734898774,0.8417226076126099,3.643538
ENSG00000164256.11,PRDM9,0.9711472302696644,0.1810573108332764,0.331246018409729,0.18447235
ENSG00000172262.12,ZNF131,0.2547115264312263,0.1487740206050927,0.2726508378982544,8.070506
ENSG00000016082.15,ISL1,0.8220644847780171,0.4604457652065198,0.9694451689720154,1.8267978
ENSG00000062194.16,GPBP1,0.2169750672357989,0.1449372195390974,0.2742231786251068,43.322968
ENSG00000178175.12,ZNF366,0.4360221967336543,0.3541140656803433,0.7175869941711426,2.3707376
ENSG00000251493.5,FOXD1,0.7542770314131689,0.4049061990126655,0.8882802724838257,3.0167193
ENSG00000132846.6,ZBED3,0.3174055289804097,0.2406426523488529,0.445422887802124,6.286403
ENSG00000171540.8,OTP,0.9539087664496136,0.5854267320507097,1.7093452215194702,0.31831807
ENSG00000164299.7,SPZ1,0.975735305878432,0.2929202621224012,0.5232902765274048,1.3042507
ENSG00000081189.17,MEF2C,0.4807541626459913,0.2644765875649331,0.4846354126930237,14.355124
ENSG00000175745.15,NR2F1,0.5098759382330669,0.3117952087431349,0.6012630462646484,25.507145
ENSG00000248483.7,POU5F2,0.7278028758679633,0.3769824686817983,0.7457872629165649,0.16775657
ENSG00000164334.16,FAM170A,0.9103494181541396,0.5414222497032426,1.0623257160186768,0.86842734
ENSG00000164185.7,ZNF474,0.6161184104183075,0.3979838978311145,0.7778770923614502,0.57624567
ENSG00000061455.11,PRDM6,0.7620095917825885,0.3371052857307457,0.7242317795753479,3.269558
ENSG00000168916.16,ZNF608,0.2585162619187165,0.2408908354636505,0.4735172688961029,8.226068
ENSG00000125347.15,IRF1,0.4980659672895925,0.3707835750610059,0.9589596390724182,20.544529
ENSG00000081059.20,TCF7,0.5909345385561999,0.3104015608335838,0.6707344055175781,5.986081
ENSG00000069011.16,PITX1,0.8876727883900681,0.5099427165287864,1.1954035758972168,46.52398
ENSG00000181965.6,NEUROG1,0.3358898497131139,0.3721009399070316,0.7056650519371033,0.023535805
ENSG00000113658.18,SMAD5,0.325510908754851,0.1846170522749388,0.3355380594730377,17.961159
ENSG00000120738.8,EGR1,0.5005338050857925,0.559159881364257,1.343764066696167,284.0156
ENSG00000171604.12,CXXC5,0.3526796398293224,0.2314368140867402,0.4247469305992126,36.89581
ENSG00000185129.8,PURA,0.2340474484343106,0.1945896966674577,0.3488790988922119,8.383533
ENSG00000113580.15,NR3C1,0.3105530928955875,0.1895533916012658,0.3463753759860992,20.742981
ENSG00000091010.6,POU4F3,0.2863280798224906,0.3518612727548094,0.6485514640808105,0.12286313
ENSG00000164296.7,TIGD6,0.2531557837975903,0.1724339662052528,0.3092144429683685,3.1600628
ENSG00000113722.18,CDX1,0.925560292646186,0.4677626267519789,1.011807560920715,4.848529
ENSG00000145908.14,ZNF300,0.394571327899764,0.2295686072029852,0.4389753341674804,6.009043
ENSG00000113196.3,HAND1,0.9335741907181871,0.6431547904498697,1.4813907146453855,4.6544466
ENSG00000039600.11,SOX30,0.9559029419155728,0.4532048091694616,1.035313606262207,3.257128
ENSG00000164330.18,EBF1,0.5179150532417276,0.2645488426087993,0.521817147731781,15.474512
ENSG00000168269.10,FOXI1,0.9288700665023528,0.6020526965729333,1.7269644737243652,0.8770147
ENSG00000164438.6,TLX3,0.954449774137976,0.4756943268030699,0.9677388668060304,1.2509202
ENSG00000183072.10,NKX2-5,0.941786378368186,0.6076873097932481,1.538997769355774,6.473732
ENSG00000120149.9,MSX2,0.6348334967107524,0.3899554797472714,0.8615730404853821,3.1204386
ENSG00000113761.12,ZNF346,0.2466368741902187,0.1613689144849729,0.3060466051101684,6.4098434
ENSG00000213347.11,MXD3,0.3656676752889027,0.2385989831091564,0.4618342518806457,11.035242
ENSG00000175325.2,PROP1,0.8579915266010878,0.4105878972323628,0.7610790729522705,0.066128835
ENSG00000169131.13,ZNF354A,0.2351441633637417,0.1829784096069409,0.3400275409221649,11.023949
ENSG00000178338.11,ZNF354B,0.3115272326897269,0.187334481477725,0.3439261615276336,10.033478
ENSG00000198939.8,ZFP2,0.3463107498246746,0.237076502359206,0.4362163841724396,3.93177
ENSG00000178187.8,ZNF454,0.3822853984965392,0.2748101640714236,0.4896222054958343,1.4301324
ENSG00000234284.7,ZNF879,0.3079762450264626,0.2132383992102787,0.3871930837631225,2.3347824
ENSG00000177932.7,ZNF354C,0.35738210291744,0.227028699066173,0.4280489683151245,3.7248003
ENSG00000196670.14,ZFP62,0.2697887397064304,0.1839744839010281,0.346565693616867,13.957761
ENSG00000137265.16,IRF4,0.894939672570458,0.4845350811795123,1.203472137451172,11.05912
ENSG00000164379.7,FOXQ1,0.7217396728203922,0.4154875183633439,0.8773849010467529,8.706543
ENSG00000137273.6,FOXF2,0.760712085395035,0.3196123288113786,0.6030676364898682,14.071075
ENSG00000054598.9,FOXC1,0.6799676293752102,0.3168579348112474,0.6539042592048645,22.64075
ENSG00000124782.21,RREB1,0.3817190041462546,0.1501029358396968,0.2719542980194092,14.989912
ENSG00000137203.15,TFAP2A,0.8348965317065365,0.3697840643466655,0.8312377333641052,6.672
ENSG00000124827.7,GCM2,0.7356190229364881,0.4030630275289477,0.7474958300590515,0.055455487
ENSG00000095951.18,HIVEP1,0.2906809520490435,0.1868065871937634,0.3374015092849731,6.0300355
ENSG00000112242.16,E2F3,0.3103098016104156,0.2345133659286849,0.435973197221756,8.155534
ENSG00000124766.7,SOX4,0.473673055547981,0.2752752246131205,0.5352777242660522,15.632852
ENSG00000181315.11,ZNF322,0.2733696027183842,0.2107526850192109,0.3780640363693237,3.1487029
ENSG00000124613.9,ZNF391,0.296463587274333,0.2564022827463572,0.472333163022995,2.8007705
ENSG00000096654.16,ZNF184,0.2577751618015735,0.1903562271914934,0.3564667999744415,5.087434
ENSG00000197279.5,ZNF165,0.5714230177021213,0.291827477854427,0.579422652721405,1.62219
ENSG00000196812.6,ZSCAN16,0.2604253281227988,0.1961453532316362,0.3615271747112274,5.7602515
ENSG00000198315.11,ZKSCAN8,0.3070070110703276,0.2030671768524099,0.3746417164802551,16.366922
ENSG00000137185.13,ZSCAN9,0.306135296993288,0.1828152624066086,0.3313276767730713,8.293477
ENSG00000187626.9,ZKSCAN4,0.3139484284454785,0.2045051964309597,0.3625315427780151,2.9501107
ENSG00000197062.12,ZSCAN26,0.3017340595518796,0.1953787273105374,0.3671285212039947,16.025345
ENSG00000235109.8,ZSCAN31,0.3603276536678262,0.3000518812648102,0.5808990001678467,4.2175508
ENSG00000189298.14,ZKSCAN3,0.2942161329926564,0.206468672471351,0.3750828206539154,3.3917189
ENSG00000158691.16,ZSCAN12,0.3261708597557842,0.1958495509370203,0.3582226634025574,2.477874
ENSG00000187987.10,ZSCAN23,0.4096026807344743,0.3522316259453187,0.65067458152771,0.72283983
ENSG00000197935.7,ZNF311,0.41843824734113,0.2716777697893938,0.5049628019332886,2.034314
ENSG00000204644.10,ZFP57,0.5374748565851231,0.7199061156835623,1.6539306640625,1.9157284
ENSG00000204531.21,POU5F1,0.5997658489588419,0.4043099658919257,0.8590176701545715,2.036702
ENSG00000204366.4,ZBTB12,0.3190245083765264,0.2469799999262551,0.4541859030723572,4.0208507
ENSG00000213676.13,ATF6B,0.2614249272072272,0.1420110896212911,0.2554619014263153,77.927155
ENSG00000204304.12,PBX2,0.3121001391915712,0.1612293625104551,0.2977157831192016,71.46207
ENSG00000204231.11,RXRB,0.2382749606843599,0.1402760282861978,0.251587450504303,62.19835
ENSG00000236104.3,ZBTB22,0.2351210031783911,0.1556687999968995,0.2733266353607178,20.431927
ENSG00000112511.18,PHF1,0.3221190252740779,0.1872321885811827,0.3485630452632904,107.18378
ENSG00000213588.6,ZBTB9,0.3026956009612754,0.2178051142813897,0.3965795934200287,6.3477902
ENSG00000137309.21,HMGA1,0.5837401086273577,0.3073862465520517,0.6377254128456116,104.052284
ENSG00000124664.11,SPDEF,0.8789414652276487,0.4650180535854497,0.9347323179244996,11.805659
ENSG00000065029.15,ZNF76,0.2903158347679019,0.1744884300639997,0.3258783221244812,26.709099
ENSG00000112033.14,PPARD,0.227982672663602,0.1829349926398071,0.3552032709121704,36.52368
ENSG00000007866.22,TEAD3,0.5403396180294365,0.2399853011724237,0.4982840120792389,58.904003
ENSG00000010030.14,ETV7,0.5219391346311206,0.4261329751551523,1.0570300817489624,3.2034485
ENSG00000001167.15,NFYA,0.2478489062999553,0.1688122261124064,0.3080931603908539,14.027318
ENSG00000137166.18,FOXP4,0.3633633989860091,0.1936179556033334,0.3564299643039703,21.721918
ENSG00000112561.19,TFEB,0.3638628216924601,0.1873975187302284,0.3413352072238922,15.813866
ENSG00000124496.13,TRERF1,0.3786100407751315,0.2665310510770632,0.486533910036087,6.283366
ENSG00000112658.8,SRF,0.3890376935348535,0.2001499475648752,0.3637554347515106,58.7602
ENSG00000171467.16,ZNF318,0.3913599705910651,0.1966094885147526,0.3532291054725647,13.033518
ENSG00000096401.8,CDC5L,0.2205060080749478,0.1510768122976746,0.2685047686100006,16.91863
ENSG00000124813.23,RUNX2,0.5492576171003184,0.3375858157358859,0.6445929408073425,3.3245952
ENSG00000008197.5,TFAP2D,0.867560021230646,0.5406966170357055,1.0966674089431765,0.015259999
ENSG00000008196.13,TFAP2B,0.8258774791071304,0.4837609497957699,0.9149868488311768,1.4929738
ENSG00000137270.11,GCM1,0.6824284234061199,0.5315539216590661,1.3189122676849363,0.1835214
ENSG00000112200.17,ZNF451,0.2370219511771286,0.1661090143118014,0.3073447346687317,6.098121
ENSG00000118418.16,HMGN3,0.202501924930056,0.186694563828253,0.3407186865806579,124.7753
ENSG00000112837.17,TBX18,0.7354062325234936,0.3789156969705765,0.7519767880439758,6.8310275
ENSG00000188994.14,ZNF292,0.2909591782723427,0.2010895504964947,0.3606548905372619,9.143118
ENSG00000112182.16,BACH2,0.3806757254096014,0.2944143102591613,0.5596790313720703,2.1999247
ENSG00000184486.10,POU3F2,0.7645240810326687,0.269806717572378,0.494678258895874,1.7330205
ENSG00000112238.12,PRDM13,0.8309846438726605,0.50204903649131,1.016883373260498,0.029375793
ENSG00000112246.10,SIM1,0.886910157248701,0.4188359257216485,0.8403472900390625,0.531639
ENSG00000187772.8,LIN28B,0.8885471045710398,0.4448577378419687,0.8424610495567322,0.14544114
ENSG00000057657.17,PRDM1,0.5904491894510194,0.3667950572149551,0.7917807698249817,7.57923
ENSG00000146285.15,SCML4,0.7010916634464112,0.4343406071283687,0.8597295880317688,1.0906489
ENSG00000112333.12,NR2E1,0.8380464418074582,0.2931746776749609,0.584780216217041,1.9490584
ENSG00000118689.15,FOXO3,0.3335631234462518,0.2312543729006075,0.4166615009307861,37.32362
ENSG00000112365.6,ZBTB24,0.2713805916655651,0.1710882070857993,0.306170791387558,4.197123
ENSG00000185002.10,RFX6,0.7722055472312154,0.4965369326669424,0.9665154814720154,0.15542792
ENSG00000025156.13,HSF2,0.268606764965875,0.17352704882796,0.3295410871505737,18.92661
ENSG00000135547.9,HEY2,0.5816735535892981,0.3017585247908359,0.6212124228477478,14.594443
ENSG00000198945.8,L3MBTL3,0.3725233485835896,0.2189899461015856,0.3959484994411468,5.9827538
ENSG00000118526.7,TCF21,0.7297808292022212,0.3824922980108519,0.7911748886108398,10.087021
ENSG00000028839.10,TBPL1,0.3168010030876284,0.1832232376393119,0.3405201733112335,17.185854
ENSG00000118513.21,MYB,0.7312402102262576,0.4421269668325129,0.9283514618873596,2.0040681
ENSG00000177468.7,OLIG3,0.6369874321033622,,,0.010049937
ENSG00000010818.11,HIVEP2,0.270367441598302,0.218836772436248,0.4384576976299286,11.881964
ENSG00000118495.21,PLAGL1,0.4525789326103766,0.2634147092047908,0.4953851401805877,25.450434
ENSG00000181472.5,ZBTB2,0.2924899546998288,0.1768133479118926,0.3270151913166046,12.067129
ENSG00000091831.25,ESR1,0.8294344943603044,0.3365384345499758,0.6503310203552246,3.2258139
ENSG00000112592.15,TBP,0.2698058587119624,0.1375984219204825,0.2430415898561477,16.31007
ENSG00000164853.9,UNCX,0.95098995723441,0.4949243731363197,0.9723475575447084,1.3478607
ENSG00000198517.10,MAFK,0.3605366916040301,0.2334460377712587,0.4399254024028778,53.8431
ENSG00000164916.11,FOXK1,0.2426440993548801,0.1897741143917579,0.3648593425750732,11.427764
ENSG00000146587.18,RBAK,0.2355895509705548,0.1606046808638316,0.2894238829612732,7.756516
ENSG00000236609.4,ZNF853,0.3383827106405941,0.2107480097899485,0.3845169246196747,12.801943
ENSG00000205903.7,ZNF316,0.2550583380242086,0.1711375413336983,0.310336172580719,22.425716
ENSG00000164631.19,ZNF12,0.27038151416375,0.1611700802901007,0.2894533574581146,14.363329
ENSG00000006468.15,ETV1,0.683117953833948,0.3123383996067103,0.6218990683555603,8.84584
ENSG00000106511.6,MEOX2,0.7033758735804281,0.3914137745970175,0.795769453048706,20.994804
ENSG00000106546.14,AHR,0.5020505922418439,0.2629153763593035,0.5012505650520325,22.637978
ENSG00000122691.13,TWIST1,0.6746201315877252,0.3385163230289493,0.6793138980865479,15.156316
ENSG00000146618.3,FERD3L,0.6097159012049235,0.8355036888681648,2.23854398727417,0.034046035
ENSG00000164651.18,SP8,0.855629847643362,0.5197824437072143,1.0086400508880615,0.30272847
ENSG00000105866.15,SP4,0.3000280636783871,0.222098912035675,0.3960747122764587,3.980103
ENSG00000050344.9,NFE2L3,0.3733556811095667,0.2442697867332549,0.45134037733078,5.4634037
ENSG00000105991.10,HOXA1,0.5815545185507666,0.2845771243654328,0.5482051372528076,0.8688274
ENSG00000105996.7,HOXA2,0.590416736769615,0.2680378410994175,0.5144054293632507,2.923482
ENSG00000105997.23,HOXA3,0.5944471367761877,0.2413082758390269,0.4496327936649322,4.8744135
ENSG00000197576.15,HOXA4,0.6180278194826951,0.2844941927918525,0.5278462767601013,9.065267
ENSG00000106004.5,HOXA5,0.6793021464227134,0.3180943772090375,0.6336240172386169,13.349033
ENSG00000106006.6,HOXA6,0.693181768945838,0.330678611134229,0.6447709202766418,2.323093
ENSG00000122592.8,HOXA7,0.6259053572242217,0.2780408313522503,0.5118585228919983,2.8773458
ENSG00000078399.19,HOXA9,0.6995558590315364,0.26736396017019,0.5465272665023804,8.530642
ENSG00000253293.6,HOXA10,0.7817247633932958,0.2716840524908589,0.5073857307434082,4.8916397
ENSG00000005073.6,HOXA11,0.8630147863863427,0.3865235880894881,0.7230347990989685,7.152701
ENSG00000106031.9,HOXA13,0.8878543863201056,0.3413286903305359,0.6391241550445557,1.9225048
ENSG00000106038.13,EVX1,0.8675844304950274,0.5554420764255733,1.214186191558838,0.34110206
ENSG00000153814.13,JAZF1,0.3934853487036709,0.2442155659331078,0.4563538432121277,18.631786
ENSG00000146592.17,CREB5,0.385284346639593,0.3865408337465054,0.80055171251297,6.567089
ENSG00000164600.7,NEUROD6,0.9016473812837886,0.5738964784207727,1.156690001487732,2.523517
ENSG00000164532.11,TBX20,0.9261401885914838,0.5343224392900456,1.0056722164154053,0.91861314
ENSG00000106536.21,POU6F2,0.6455093572967046,0.3759254382363687,0.7846928238868713,0.22096914
ENSG00000106571.15,GLI3,0.5017249891007606,0.2406836116084632,0.4397130310535431,4.9483047
ENSG00000106624.11,AEBP1,0.6532399579355092,0.3336206396596499,0.6846027374267578,291.9174
ENSG00000146676.10,PURB,0.2475130821821499,0.1565134138210383,0.2871585190296173,18.365728
ENSG00000185811.21,IKZF1,0.6883007418650792,0.3796709855442562,0.803026020526886,5.262165
ENSG00000178665.16,ZNF713,0.3239832705663313,0.254275574688857,0.5949091911315918,1.2481848
ENSG00000185177.14,ZNF479,0.9617327712086928,0.2468350442721957,0.4411644637584686,0.09144882
ENSG00000182111.9,ZNF716,0.8162068827479075,0.2472728744098042,0.4491474330425262,0.013497983
ENSG00000214652.7,ZNF727,0.3772224404034029,0.3053020588523497,0.577485203742981,1.8691093
ENSG00000223614.6,ZNF735,0.7455283093078506,0.3559477560454254,0.6593891382217407,0.0069079795
ENSG00000197123.9,ZNF679,0.941761987578204,0.3244744604815694,0.5850750207901001,0.055720873
ENSG00000234444.10,ZNF736,0.3165092314659224,0.2146251034679548,0.3944735527038574,4.2119107
ENSG00000173041.12,ZNF680,0.2332335697392169,0.2173885673159298,0.4011473655700683,5.323411
ENSG00000196247.13,ZNF107,0.4708971933333915,0.2518215914750463,0.4776922166347503,3.5844417
ENSG00000197008.10,ZNF138,0.2270608771285096,0.2105743943284461,0.3833551108837127,5.51912
ENSG00000198039.12,ZNF273,0.5379669206459319,0.2958437160262628,0.561813473701477,8.15062
ENSG00000152926.17,ZNF117,0.3998893199174922,0.2762222595794675,0.5163188576698303,10.348417
ENSG00000146757.14,ZNF92,0.3026424749473286,0.2065813359076824,0.3866362571716308,4.626486
ENSG00000009950.16,MLXIPL,0.6833827986371344,0.4067044627761197,0.8589767813682556,32.93615
ENSG00000006704.11,GTF2IRD1,0.3842302094705829,0.2311460161814578,0.4411516487598419,12.22341
ENSG00000263001.8,GTF2I,0.2662712998847285,0.2310679652589578,0.4139584302902221,9.666751
ENSG00000196275.16,GTF2IRD2,0.3694142004620301,0.2445047432521821,0.4681815207004547,2.896243
ENSG00000174428.19,GTF2IRD2B,0.3616377306435606,0.1924971222047881,0.3679827451705932,5.325674
ENSG00000135164.19,DMTF1,0.2869050171239914,0.1855107004491731,0.3488389849662781,47.352184
ENSG00000182348.7,ZNF804B,0.8983846649210537,0.5276702059170824,1.053347110748291,0.21928583
ENSG00000127989.14,MTERF1,0.2426430240717696,0.1911895735746462,0.342336505651474,3.548706
ENSG00000006377.11,DLX6,0.7210463439250285,0.5148798483016983,1.025922417640686,0.63810194
ENSG00000105880.7,DLX5,0.6815123324492447,0.4557488575274487,0.9043448567390442,4.0361185
ENSG00000180535.4,BHLHA15,0.8965984815431052,0.4926843108156082,1.0737770795822144,10.286875
ENSG00000198556.14,ZNF789,0.3116641985306624,0.2071314879712785,0.3762184679508209,6.6631627
ENSG00000160908.15,ZNF394,0.2904693934657734,0.1331747120494929,0.2387621849775314,8.38955
ENSG00000196652.12,ZKSCAN5,0.2364128895686873,0.1574956534528944,0.2796016037464142,5.9134493
ENSG00000197343.11,ZNF655,0.246539665535921,0.1596174082834628,0.2881925404071808,33.291866
ENSG00000197037.11,ZSCAN25,0.2898184926690005,0.1502142804600388,0.2753423750400543,8.202423
ENSG00000106261.17,ZKSCAN1,0.2236496211497972,0.1902356230447388,0.3549239039421081,25.031286
ENSG00000166529.16,ZSCAN21,0.2411454932448745,0.1688588735159202,0.3053435385227203,8.685891
ENSG00000166526.19,ZNF3,0.2541623852870021,0.1376338288225968,0.2510938942432403,18.535534
ENSG00000257923.12,CUX1,0.3104982252379742,0.1614627106743218,0.2993924915790558,16.499016
ENSG00000230257.8,NFE4,0.83235906387707,0.4474661403391133,0.8933365345001221,0.7962026
ENSG00000105856.14,HBP1,0.322147612572722,0.2113741926683861,0.3890860378742218,29.183136
ENSG00000177683.14,THAP5,0.2027792210629127,0.196029157051893,0.3600505590438843,10.687939
ENSG00000198839.10,ZNF277,0.2459725674344361,0.19861394008673,0.3625317811965942,6.3992696
ENSG00000128573.28,FOXP2,0.5402880877584072,0.3322216667693241,0.6465997099876404,2.2358904
ENSG00000105967.16,TFEC,0.5719160938207984,0.4434104095536491,0.9747856855392456,1.6414104
ENSG00000128610.12,FEZF1,0.8793212438189167,0.4193471628801933,0.8210641145706177,0.5629319
ENSG00000048405.11,ZNF800,0.3077036229193464,0.1491613575750144,0.2801347076892853,8.887095
ENSG00000106331.19,PAX4,0.9024060182152908,0.4816643008782621,0.9462348222732544,0.049402468
ENSG00000128604.21,IRF5,0.5744683632940502,0.3100441510957462,0.5895219445228577,9.3311615
ENSG00000106459.15,NRF1,0.2428822805159636,0.1322769348894016,0.233984500169754,11.798725
ENSG00000266265.4,KLF14,0.7083040653106893,0.4111746048507508,0.7942443490028381,0.40007687
ENSG00000106554.13,CHCHD3,0.276465157660221,0.1712391551750129,0.3020379245281219,28.232084
ENSG00000182158.16,CREB3L2,0.4567627721251843,0.2040729450731619,0.3844378292560577,28.313854
ENSG00000106410.15,NOBOX,0.8836781417364619,0.605003525251353,2.5308585166931152,0.026308743
ENSG00000197362.15,ZNF786,0.2627425595333609,0.2114245482847536,0.3789615035057068,4.8901305
ENSG00000204947.9,ZNF425,0.2701379825735135,0.2337990084471274,0.4203735291957855,2.506501
ENSG00000197024.9,ZNF398,0.2690430965194482,0.16237522036243,0.2875622808933258,6.718116
ENSG00000170265.13,ZNF282,0.2625527142671359,0.1436082819788377,0.2553900778293609,21.660484
ENSG00000170260.9,ZNF212,0.2864284995676429,0.1578137508694231,0.2860605120658874,11.742247
ENSG00000204946.10,ZNF783,0.3075937442127645,0.184170343795398,0.343196839094162,14.447966
ENSG00000196453.8,ZNF777,0.2218165622999546,0.1547390100681953,0.2828095257282257,14.414832
ENSG00000181220.18,ZNF746,0.2701167200140052,0.1455330494720805,0.262224406003952,7.947527
ENSG00000181444.13,ZNF467,0.4327024503138218,0.26019830214557,0.4764297008514404,15.662084
ENSG00000214022.12,REPIN1,0.2054595220433361,0.150447362713348,0.2698106467723846,56.174896
ENSG00000196456.13,ZNF775,0.2855657109700452,0.1927640006438007,0.3445085287094116,7.5666733
ENSG00000164900.5,GBX1,0.9062637689480392,0.568985764811576,1.375619649887085,0.56280214
ENSG00000164778.4,EN2,0.9204897604220688,0.4751450035106256,1.1024510860443115,2.28647
ENSG00000130675.15,MNX1,0.8605003685175648,0.437583245465262,0.8688522577285767,0.57530975
ENSG00000172748.14,ZNF596,0.3476876957648809,0.2436302933730856,0.4496992528438568,3.3666024
ENSG00000215372.6,ZNF705G,0.9207613458783231,0.3872975933940011,0.7224840521812439,0.03930435
ENSG00000215356.4,ZNF705B,0.962443193167106,0.6563250354242084,1.381317138671875,0.019426042
ENSG00000171056.8,SOX7,0.548596362934431,0.3281165193034993,0.6835440397262573,14.719184
ENSG00000136574.19,GATA4,0.884994838855901,0.6807012732604923,2.039981842041016,7.318413
ENSG00000215343.8,ZNF705D,0.8924362223498922,0.4813168122249218,1.0203471183776855,0.0033019437
ENSG00000179388.9,EGR3,0.5090429539530213,0.5561650979567662,1.3055174350738523,15.247687
ENSG00000167034.10,NKX3-1,0.8452932126129427,0.3259754258474178,0.7201836109161377,7.7344904
ENSG00000180053.8,NKX2-6,0.9050143670856784,0.7506697958886307,1.942009687423706,0.07727462
ENSG00000221818.9,EBF2,0.724163015420857,0.4562243591362961,0.9176217317581176,7.455167
ENSG00000186918.14,ZNF395,0.3313554471516986,0.2036926952100851,0.3945626616477966,45.300804
ENSG00000147421.18,HMBOX1,0.2343487833742021,0.1794185692744528,0.3349315524101257,6.821346
ENSG00000172733.12,PURG,0.6487166786818181,0.3524580617864851,0.6767204999923706,1.606121
ENSG00000183779.7,ZNF703,0.4192798565346245,0.2177462025631765,0.4137042760848999,44.627766
ENSG00000104221.14,BRF2,0.2458024083558565,0.1963440967902499,0.3580875992774963,11.463072
ENSG00000165061.15,ZMAT4,0.7781825554467939,0.5304726021796446,1.126484513282776,1.8530988
ENSG00000165066.13,NKX6-3,0.8741090227359666,0.4864468941745886,1.001602292060852,0.51829445
ENSG00000131931.8,THAP1,0.2264361266999765,0.2021977085448401,0.3676691949367523,7.189867
ENSG00000221869.5,CEBPD,0.4270167701116935,0.3715173318478177,0.7425220012664795,378.8017
ENSG00000019549.13,SNAI2,0.6225548798424344,0.3155037519881968,0.6343938112258911,32.354164
ENSG00000147488.13,ST18,0.8562062168602489,0.392840893725035,0.7947059273719788,2.134123
ENSG00000164736.6,SOX17,0.5966990339931969,0.3719858274918156,0.7878010272979736,16.513412
ENSG00000181690.8,PLAG1,0.4726695037523982,0.2919806560862613,0.5348185896873474,2.5314264
ENSG00000180828.3,BHLHE22,0.6602592433436029,0.4157981697238962,0.9262788891792296,3.8025756
ENSG00000185697.17,MYBL1,0.5143636196604192,0.3021126188523019,0.6087578535079956,3.1767156
ENSG00000261787.2,TCF24,0.743858816990203,0.6189641551755626,1.5284276008605957,0.146216
ENSG00000147596.4,PRDM14,0.8725557601169468,0.2720943720994432,0.5035598874092102,0.026081372
ENSG00000140396.13,NCOA2,0.2243205904952885,0.1657121450913496,0.2992695271968841,12.942371
ENSG00000178860.9,MSC,0.6216426356809815,0.4167669450909002,0.8924478888511658,17.371355
ENSG00000147601.15,TERF1,0.2489290281097907,0.1731653676607528,0.3124790787696838,13.582734
ENSG00000164749.13,HNF4G,0.8571425562922077,0.4158597927225939,0.7825431823730469,1.0663409
ENSG00000091656.19,ZFHX4,0.4506769941241534,0.2932493044687445,0.5389736294746399,2.8337314
ENSG00000164683.19,HEY1,0.3926526747832846,0.3199962006069092,0.6322584748268127,9.398424
ENSG00000205189.13,ZBTB10,0.3283589097774636,0.2033476953557348,0.3914515376091003,7.1143165
ENSG00000164684.13,ZNF704,0.4200125977448745,0.2242661849814411,0.4151757061481476,8.878391
ENSG00000133740.11,E2F5,0.3292299678432464,0.251151721245273,0.4671105146408081,4.6269174
ENSG00000156469.9,MTERF3,0.199987565630461,0.1643206604754379,0.2961974442005157,17.430344
ENSG00000164920.10,OSR2,0.7757100873398288,0.3728553760705925,0.7781466841697693,19.9626
ENSG00000120963.12,ZNF706,0.2023813588184292,0.1312896090129935,0.2378951609134674,26.554647
ENSG00000083307.12,GRHL2,0.7915212620130683,0.4173411849180386,0.749925971031189,7.2494397
ENSG00000155090.15,KLF10,0.4067798912031813,0.3203910275006098,0.6393483877182007,51.0839
ENSG00000169946.14,ZFPM2,0.5558839901144519,0.2829179513909751,0.5603475570678711,5.7890854
ENSG00000104447.13,TRPS1,0.4276910960965693,0.2327618740176032,0.4440141916275024,7.2981734
ENSG00000178764.8,ZHX2,0.2675643861032384,0.1893718582897392,0.3524129986763,22.45277
ENSG00000165156.15,ZHX1,0.2008881352715366,0.1598567455700619,0.2972445487976074,14.548837
ENSG00000180938.6,ZNF572,0.3474210243439963,0.256291734459944,0.4829704761505127,1.4693797
ENSG00000212993.6,POU5F1B,0.4674945361668751,0.3438112607604935,0.6535860896110535,0.21821457
ENSG00000136997.22,MYC,0.5523840647790369,0.3909971808825905,0.8627572655677795,44.34078
ENSG00000066827.16,ZFAT,0.3907506189526349,0.2308795694228096,0.737893283367157,5.174809
ENSG00000234616.9,JRK,0.2861794783760455,0.2091634556489678,0.3844215273857116,6.2902737
ENSG00000181638.20,ZFP41,0.2329569539392965,0.1759418290959003,0.3139491677284241,4.9478297
ENSG00000250571.7,GLI4,0.1932923229350767,0.1811002237813208,0.3360431790351867,16.798086
ENSG00000185730.8,ZNF696,0.20755926846382,0.1748645970162721,0.3118766248226166,4.0345445
ENSG00000182759.4,MAFA,0.7922456387529662,0.5020842334511746,1.2054376602172852,1.2220631
ENSG00000179886.6,TIGD5,0.2402344623027899,0.1788922689404877,0.3222745954990387,4.7774534
ENSG00000183309.12,ZNF623,0.2339216938093504,0.186030454488151,0.3406413495540619,8.558284
ENSG00000181135.16,ZNF707,0.2923066230429583,0.1652668495601954,0.3054201006889343,5.186542
ENSG00000260428.3,SCX,0.5224305806441304,0.3134612148900694,0.6228598952293396,9.712333
ENSG00000185122.11,HSF1,0.2345214569794716,0.1567318233066421,0.2829877138137817,94.47278
ENSG00000261678.3,SCRT1,0.8557582652318497,0.3914723552588517,0.8240708112716675,8.786851
ENSG00000160973.8,FOXH1,0.4504883842059582,0.4235448053519121,0.780815064907074,0.27947143
ENSG00000198169.9,ZNF251,0.3312990566404231,0.1856143128859765,0.3487156331539154,24.36916
ENSG00000196378.14,ZNF34,0.3245405068562457,0.1802230671289137,0.3320040702819824,6.5758147
ENSG00000197363.11,ZNF517,0.2601830537545817,0.1776262336033491,0.3267549872398376,8.114423
ENSG00000147789.16,ZNF7,0.2571254344829134,0.1401270818929091,0.2629750967025757,9.607445
ENSG00000196150.14,ZNF250,0.3096245732487283,0.1814001648996016,0.3315282464027405,4.1695595
ENSG00000170631.15,ZNF16,0.290467188436346,0.1685695352832388,0.3102484941482544,7.9464707
ENSG00000170122.6,FOXD4,0.4228266524905366,0.3683775304964306,0.7545583248138428,0.5930883
ENSG00000137090.12,DMRT1,0.9705173541869628,0.4549563313745688,0.9702191948890686,1.0156999
ENSG00000064218.5,DMRT3,0.8357363773791313,0.5427080283650855,1.119020938873291,1.1627289
ENSG00000173253.16,DMRT2,0.7381143289135222,0.4475821120040921,0.9442655444145204,1.050737
ENSG00000080298.16,RFX3,0.3004419043968893,0.2371546559554469,0.4396631419658661,4.111855
ENSG00000107249.24,GLIS3,0.3927160936313389,0.3345085791187057,0.6817322373390198,3.1274502
ENSG00000147862.18,NFIB,0.3510895003287855,0.1780451316507575,0.3245913088321686,17.131912
ENSG00000173068.19,BNC2,0.6809383686972507,0.3222562944897923,0.6547033786773682,4.918009
ENSG00000176399.4,DMRTA1,0.529227337413791,0.3182628588505257,0.6052393317222595,0.8240751
ENSG00000197579.8,TOPORS,0.2465870593253484,0.1621543973827348,0.29337078332901,13.430257
ENSG00000086102.19,NFX1,0.2307467476757126,0.1457002242994129,0.265423059463501,22.01038
ENSG00000205143.5,ARID3C,0.6627793588733945,0.412755525507972,0.8014451861381531,0.4665056
ENSG00000107175.12,CREB3,0.2267972140926786,0.1463948342529761,0.2716751098632812,74.23158
ENSG00000196092.14,PAX5,0.9426098431053588,0.7011200013442342,2.305503368377685,2.167471
ENSG00000168795.5,ZBTB5,0.2995020206662137,0.1702244290351873,0.3182694017887115,12.745393
ENSG00000273514.2,FOXD4L6,0.7270878582812573,0.4201301427556362,0.8458946943283081,0.04340214
ENSG00000204779.2,FOXD4L5,0.393930985189564,,,0.01960857
ENSG00000184659.6,FOXD4L4,0.417906794195185,0.5669727841004353,1.1762988567352295,0.09676312
ENSG00000274349.5,ZNF658,0.2767698983831841,0.23320417253691,0.4152798652648926,1.5420669
ENSG00000187559.6,FOXD4L3,0.6074254704186414,0.4148838346443747,0.8735214471817017,0.03609526
ENSG00000119138.5,KLF9,0.4118189287005453,0.2926102302043287,0.5372952222824097,103.49593
ENSG00000198963.11,RORB,0.6338894472616146,0.3817435171988729,0.7765693068504333,1.6683748
ENSG00000204612.1,FOXB2,0.8201073995447112,0.7677882204711642,1.9929851293563845,0.01069214
ENSG00000165030.5,NFIL3,0.4441354669334035,0.3831589664642609,0.8036531209945679,84.857216
ENSG00000127081.15,ZNF484,0.2631329270519484,0.2148200177798853,0.3961179852485657,2.3408856
ENSG00000131668.14,BARX1,0.9387146715046492,0.6168505627464829,1.629874348640442,8.803375
ENSG00000175787.18,ZNF169,0.2723655706824767,0.2078332135234792,0.383347600698471,2.9531898
ENSG00000165244.7,ZNF367,0.3880482008029083,0.2969643400571872,0.6063706874847412,2.6052563
ENSG00000081386.13,ZNF510,0.2342850581385499,0.182226098463365,0.3329077064990997,6.000401
ENSG00000196597.13,ZNF782,0.3219769028599207,0.204515805359797,0.3729856014251709,2.5173845
ENSG00000136936.11,XPA,0.2475331950037543,0.1560899797801258,0.2872336804866791,23.028814
ENSG00000178919.9,FOXE1,0.959370880394046,0.5349264681618875,1.2060749530792236,6.8486347
ENSG00000119508.18,NR4A3,0.5786518584280592,0.6380972616839923,1.7047927379608154,14.164208
ENSG00000066697.15,MSANTD3,0.2185492886667344,0.2006805997492389,0.3789612948894501,10.47351
ENSG00000136870.11,ZNF189,0.2112205786899188,0.1837830628923828,0.3481993377208709,16.398178
ENSG00000186051.7,TAL2,0.3467028663482369,0.4859446940159672,0.9182798862457277,0.3463108
ENSG00000148143.13,ZNF462,0.3139710237113445,0.2130984505788509,0.3962906897068023,4.7059283
ENSG00000136826.15,KLF4,0.5940577014948216,0.3498592346745516,0.7080150842666626,111.68609
ENSG00000173258.13,ZNF483,0.4916766560491668,0.271150638261256,0.5121423006057739,5.379018
ENSG00000228623.9,ZNF883,0.4254702938456864,0.2694613748777881,0.5016915202140808,0.46028233
ENSG00000136866.14,ZFP37,0.341145871711728,0.2434165841387537,0.4397709369659424,1.6034778
ENSG00000157657.15,ZNF618,0.4392413614602266,0.2364420056518768,0.4231653809547424,5.436863
ENSG00000106948.17,AKNA,0.5596354954099662,0.2305349256189577,0.4396973550319671,17.361235
ENSG00000106852.16,LHX6,0.4573971214938803,0.3824490447351203,0.8185662031173706,4.5476403
ENSG00000186130.5,ZBTB6,0.2212134330249602,0.2036207680116301,0.364274799823761,5.328194
ENSG00000171448.9,ZBTB26,0.3109288311023879,0.1963579916291412,0.3532282710075378,7.577109
ENSG00000106689.11,LHX2,0.8352635829069633,0.4940796242852556,1.035468816757202,5.281674
ENSG00000136931.10,NR5A1,0.9383128165277302,0.5872620987366602,2.37608003616333,9.960603
ENSG00000148200.17,NR6A1,0.5430511201419636,0.2513109538899608,0.4693444073200226,3.328864
ENSG00000167081.18,PBX3,0.3880058738647723,0.2094046198412751,0.3851116299629211,19.443636
ENSG00000136944.19,LMX1B,0.7528607913451808,0.4250138249830743,0.8697657585144043,0.8240205
ENSG00000169155.10,ZBTB43,0.2674798999100511,0.189281445434058,0.3638531863689422,10.205389
ENSG00000177125.6,ZBTB34,0.2520945109334457,0.1752099534157194,0.3219696283340454,6.944533
ENSG00000196152.10,ZNF79,0.2782611406315474,0.2057472515949654,0.3735129237174988,4.5920653
ENSG00000171169.9,NAIF1,0.2430992107211487,0.1603375311531548,0.2886376678943634,5.1975713
ENSG00000167157.11,PRRX2,0.6712778530978013,0.3858051773209704,0.842305600643158,18.506859
ENSG00000130711.5,PRDM12,0.6347032960881805,0.4119496930944764,0.7622653245925903,0.13810524
ENSG00000125482.13,TTF1,0.2422668287523616,0.1596173618709906,0.2890372574329376,12.410098
ENSG00000125492.11,BARHL1,0.9497192319652348,0.7724652662336904,2.502743721008301,1.725223
ENSG00000165702.15,GFI1B,0.807782848409467,0.4122154543477614,0.817136824131012,0.46715248
ENSG00000148300.12,REXO4,0.2136652169753314,0.1623387287880394,0.2997811436653137,23.67534
ENSG00000186350.12,RXRA,0.3006432467913751,0.1820708413934447,0.3307518661022186,49.39711
ENSG00000165643.11,SOHLH1,0.8665802715159326,0.4601337742100099,1.1139565706253052,1.8648202
ENSG00000148411.8,NACC2,0.3517392794735774,0.2035899719845802,0.3853983581066131,30.103634
ENSG00000107187.17,LHX3,0.9724069568635804,0.3426132714498877,0.7296919822692871,1.6328909
ENSG00000165684.6,SNAPC4,0.2953266936565569,0.1741817379725271,0.3259716331958771,11.890761
ENSG00000067082.15,KLF6,0.4618184164424698,0.272372570392853,0.5588080286979675,118.582085
ENSG00000151657.12,KIN,0.2450444403942864,0.1602468411093545,0.2878147959709167,5.2878633
ENSG00000107485.18,GATA3,0.865322720915306,0.3624446795972238,0.7911056876182556,25.549166
ENSG00000168267.7,PTF1A,0.919628259121771,0.4116883130617152,0.8231234550476074,0.8613734
ENSG00000150051.14,MKX,0.6033145200010459,0.4076134855747353,0.8382364511489868,2.9693654
ENSG00000183621.15,ZNF438,0.3505354581317092,0.1802289302366012,0.3284875750541687,10.955966
ENSG00000148516.23,ZEB1,0.3833636231919209,0.2021061636020356,0.3678551316261291,28.751543
ENSG00000095794.21,CREM,0.3529327756327013,0.2437877062641049,0.5288342237472534,13.404242
ENSG00000198105.16,ZNF248,0.3678970471259589,0.2342440417670263,0.4368122816085815,11.025085
ENSG00000175395.16,ZNF25,0.3165104096145824,0.1939798796849628,0.3499452471733093,17.73294
ENSG00000189180.16,ZNF33A,0.2642395414149817,0.1716773111626069,0.3107823133468628,14.612821
ENSG00000075407.19,ZNF37A,0.2808355614751937,0.1844028553993393,0.3338027894496918,5.792444
ENSG00000196693.15,ZNF33B,0.3313461329167727,0.2190806091748591,0.3941494226455688,8.768268
ENSG00000243660.12,ZNF487,0.3458715657845995,0.1971272187664416,0.3554490804672241,2.6552913
ENSG00000196793.14,ZNF239,0.3293576795511169,0.2657975324866459,0.4836974740028381,3.9216964
ENSG00000198298.13,ZNF485,0.2778537508002039,0.229715044171444,0.4174838960170746,2.7055705
ENSG00000169740.14,ZNF32,0.2078662682649182,0.1585258704924315,0.2923480868339538,57.652664
ENSG00000165512.5,ZNF22,0.2511879826920269,0.1829195458890467,0.3440234065055847,29.493092
ENSG00000265763.4,ZNF488,0.7866991868830471,0.3755644501080475,0.7533118724822998,3.5276396
ENSG00000165606.10,DRGX,0.8012212733710777,0.54775233972094,1.2987370491027832,0.20479706
ENSG00000150347.17,ARID5B,0.4384984612937225,0.268230720136293,0.5296679735183716,27.907867
ENSG00000138311.18,ZNF365,0.731463796690537,0.3901329140422566,0.7569616436958313,5.0594378
ENSG00000122877.18,EGR2,0.5735298266297814,0.5714544729628405,1.5022443532943726,8.583245
ENSG00000179774.9,ATOH7,0.6218821206137316,0.4235222711739215,0.8305134177207947,0.68115133
ENSG00000138336.9,TET1,0.3677594597976517,0.3199590660705728,0.6108656525611877,0.75738454
ENSG00000122859.5,NEUROG3,0.6588016713582269,0.6740730474043178,1.5399129390716553,0.049812976
ENSG00000165655.17,ZNF503,0.5005937100184534,0.2535451576493545,0.4772966504096985,26.065205
ENSG00000152804.11,HHEX,0.6069399258467388,0.2886670308114867,0.5855342149734497,16.488283
ENSG00000177853.15,ZNF518A,0.3236244952516208,0.2223598587099158,0.4083718955516815,9.762213
ENSG00000196233.14,LCOR,0.2424743915844326,0.1678743519563856,0.3018554449081421,3.0059972
ENSG00000119919.12,NKX2-3,0.907502949858065,0.540689711046244,1.25844407081604,4.549166
ENSG00000075891.24,PAX2,0.9341605603520178,0.667259084200734,1.561070680618286,0.48278335
ENSG00000107807.13,TLX1,0.9640261133044188,0.521736957832137,1.0441755056381226,1.6278169
ENSG00000138136.7,LBX1,0.9192315327117982,0.4176899619185206,0.7837369441986084,0.47088674
ENSG00000107859.11,PITX3,0.8224556708745225,0.6576210600352673,1.747949719429016,0.7125149
ENSG00000077150.21,NFKB2,0.4283911401229565,0.2920017338151488,0.6240527033805847,37.791035
ENSG00000156374.16,PCGF6,0.2743881437172244,0.1779897832999799,0.3209718465805053,8.080048
ENSG00000119950.21,MXI1,0.2888354841651611,0.2116493537373232,0.4001388847827911,43.427635
ENSG00000148737.18,TCF7L2,0.3759186614595443,0.1873736587159028,0.3608446419239044,16.053736
ENSG00000148704.13,VAX1,0.8473559949432861,0.4276251031994305,0.9218022227287292,0.17269912
ENSG00000170370.12,EMX2,0.770458491881248,0.3485815598921552,0.788245439529419,8.140461
ENSG00000095574.12,IKZF5,0.2178349803238575,0.1781052513380929,0.330926239490509,14.207286
ENSG00000188620.11,HMX3,0.9027374933337604,0.55912924421984,1.1161428689956665,0.56457764
ENSG00000188816.4,HMX2,0.9365108647495062,0.4912729371622448,1.021708846092224,0.29916564
ENSG00000229544.9,NKX1-2,0.7130299111973727,0.449102440050485,0.9379907846450806,0.16146214
ENSG00000186766.8,FOXI2,0.6792949350785733,0.4438466124631417,0.8840546607971191,0.43617347
ENSG00000108001.16,EBF3,0.6050145915178051,0.3434834284248482,0.6961308121681213,4.3865004
ENSG00000148826.9,NKX6-2,0.8463918998901484,0.5049946899518452,1.3184882402420044,6.2460675
ENSG00000151650.8,VENTX,0.4921047120556129,0.4011508406594617,0.8406423926353455,3.9143188
ENSG00000198546.15,ZNF511,0.2423405695888924,0.17449172489365,0.3258615732192993,25.682693
ENSG00000185507.21,IRF7,0.4581634442672015,0.2975501343217285,0.6802352666854858,33.71202
ENSG00000177030.19,DEAF1,0.3907582092551553,0.1367269360905033,0.2499463707208633,21.861065
ENSG00000183734.5,ASCL2,0.6189825062631525,0.424686821032578,0.9094638824462892,2.4365902
ENSG00000005801.18,ZNF195,0.2413752735819364,0.1883215504824684,0.3594427406787872,7.940691
ENSG00000149054.16,ZNF215,0.5090040811614231,0.3346595272445897,0.6546429395675659,1.0395063
ENSG00000149050.10,ZNF214,0.3788349956420694,0.2697354633599401,0.4940146207809448,1.0129468
ENSG00000176009.4,ASCL3,0.8370473623692908,0.6443721513347271,1.3154330253601074,0.19975531
ENSG00000166478.10,ZNF143,0.2483415951354017,0.1716298497249729,0.3167939186096191,11.232187
ENSG00000236287.8,ZBED5,0.3016429159062254,0.1780367395295297,0.3210607469081878,15.789882
ENSG00000187079.20,TEAD1,0.4221343790496774,0.2208493172427554,0.4086810946464538,27.463234
ENSG00000110693.19,SOX6,0.3719346918457256,0.2789136512450466,0.5122168660163879,2.19748
ENSG00000129152.4,MYOD1,0.94826389464689,0.6415975710436651,1.6261136531829834,1.2919583
ENSG00000129173.13,E2F8,0.7459085504589317,0.5761334702746488,1.271305799484253,1.5507567
ENSG00000109851.7,DBX1,0.7097058433828248,0.4013841901307935,0.8077685236930847,0.028830966
ENSG00000185238.13,PRMT3,0.2192938140126063,0.177385828791504,0.3221082687377929,10.788081
ENSG00000007372.25,PAX6,0.8769081944244491,0.3253589213941521,0.6384720802307129,1.53514
ENSG00000184937.17,WT1,0.863870666796232,0.528739003458049,1.0453004837036133,4.3955555
ENSG00000135374.11,ELF5,0.9079638361637624,0.5812490553389535,1.292353630065918,1.662849
ENSG00000135373.13,EHF,0.8227191912515139,0.4674397292035678,1.0810779333114624,19.452677
ENSG00000166349.11,RAG1,0.4251067980556411,0.299810244417779,0.5605749487876892,0.37249961
ENSG00000052850.8,ALX4,0.6696136437736532,0.5317665161245888,1.4993362426757812,0.4717562
ENSG00000135365.17,PHF21A,0.2632743609504055,0.170062412958962,0.3225840628147125,17.49929
ENSG00000157613.11,CREB3L1,0.5892429629665799,0.3296916328549322,0.6401931643486023,16.523703
ENSG00000175213.3,ZNF408,0.2089138876918818,0.1455524817392066,0.2685214579105377,12.611522
ENSG00000025434.19,NR1H3,0.4474282058674275,0.2337808139680734,0.4451352655887604,20.334715
ENSG00000066336.13,SPI1,0.7789085863980424,0.3670425070677344,0.8101369738578796,76.459404
ENSG00000186660.15,ZFP91,0.2304371852554096,0.15719176678678,0.2830471694469452,41.349194
ENSG00000124920.14,MYRF,0.6856612459393074,0.3853092280073241,0.7897798418998718,18.37036
ENSG00000185670.9,ZBTB3,0.2114236611526249,0.2087323981994031,0.3711087703704834,2.5616174
ENSG00000173153.17,ESRRA,0.2757257784439523,0.1773333949428659,0.3229645192623138,41.66235
ENSG00000168062.10,BATF2,0.4263688999935427,0.3224152868980172,0.7875552177429199,3.832238
ENSG00000173825.7,TIGD3,0.6653789883161233,0.3473060577670732,0.6770329475402832,1.3530494
ENSG00000173039.20,RELA,0.3027676844670396,0.1667050018236007,0.3279435038566589,57.314716
ENSG00000172818.10,OVOL1,0.8524883704744133,0.4710954825621661,0.9666757583618164,7.7489247
ENSG00000175592.9,FOSL1,0.6290161979060535,0.6377197010989453,2.141185998916626,20.257368
ENSG00000175550.8,DRAP1,0.2158943928485228,0.1597338341671788,0.2962459325790405,160.98126
ENSG00000174576.11,NPAS4,0.7588056054078494,0.5796128236090826,1.3740341663360596,4.463398
ENSG00000173120.15,KDM2A,0.289747144077577,0.1373253150410444,0.2594280838966369,37.147926
ENSG00000167800.10,TBX10,0.8591583074825043,0.5844074109154759,1.277641773223877,0.32234553
ENSG00000165462.5,PHOX2A,0.8462630688823276,0.6687353642246503,1.606053352355957,0.45636857
ENSG00000137492.9,THAP12,0.2483815594691202,0.1538277971964254,0.2850412726402282,20.075912
ENSG00000137504.16,CREBZF,0.3144754165038736,0.1922691421271433,0.3557872772216797,43.05502
ENSG00000183340.7,JRKL,0.3362398795247831,0.2054002409927196,0.3838914036750793,8.21586
ENSG00000082175.16,PGR,0.8136747368877627,0.3244238817445967,0.6766737103462219,4.6381407
ENSG00000170903.12,MSANTD4,0.2228701704702225,0.1898341411444295,0.3501954674720764,9.721482
ENSG00000110777.12,POU2AF1,0.9042273442161632,0.5001644791648123,1.3005985021591189,8.319388
ENSG00000109906.15,ZBTB16,0.4307222351412848,0.3518048725916318,0.6653879880905151,39.392437
ENSG00000118058.25,KMT2A,0.2932536896475187,0.175356780169283,0.3150967359542846,12.866574
ENSG00000176302.13,FOXR1,0.8955022006824545,0.5307157483702126,2.325521469116211,0.24755879
ENSG00000172273.13,HINFP,0.2657606754970618,0.1742280621145626,0.3191403448581695,8.749567
ENSG00000137709.10,POU2F3,0.9068953724875924,0.5134853522027443,1.1523295640945437,7.831342
ENSG00000188909.5,BSX,0.8842354455158173,0.7665516347564378,1.8562864065170288,0.021967748
ENSG00000166261.11,ZNF202,0.2953322716451758,0.1846368194678745,0.3456463515758514,8.057051
ENSG00000165495.16,PKNOX2,0.4452535969670504,0.2890386793867785,0.5516837239265442,6.69671
ENSG00000134954.14,ETS1,0.5058943493937417,0.2576964672162557,0.5129983425140381,39.74762
ENSG00000151702.18,FLI1,0.5032259806478813,0.2714072922322187,0.5225796103477478,17.539055
ENSG00000043039.7,BARX2,0.8699291934351264,0.5660521512290884,1.3371853828430176,15.485393
ENSG00000170325.16,PRDM10,0.2712397182227177,0.1779070966758072,0.3193608224391937,5.4803753
ENSG00000196323.14,ZBTB44,0.2402476676765245,0.1813919802313769,0.3325050175189972,14.266849
ENSG00000151500.15,THYN1,0.2097741104715153,0.1661370959421637,0.2997518181800842,52.15971
ENSG00000111206.13,FOXM1,0.6997652137808803,0.3565957208312043,0.8037124872207642,6.6257944
ENSG00000197905.10,TEAD4,0.4601887441072864,0.3788799294483197,0.8240582942962646,15.510747
ENSG00000126746.19,ZNF384,0.271406314527315,0.1364653094852947,0.2417919039726257,35.29376
ENSG00000205857.2,NANOGNB,0.772135911760759,0.3152703248509823,0.5806688070297241,0.013197655
ENSG00000111704.11,NANOG,0.3957042573271528,0.2388854435099659,0.4314594566822052,0.021917777
ENSG00000065970.9,FOXJ2,0.3262358898482856,0.164636034363264,0.2938541173934936,19.978935
ENSG00000196946.11,ZNF705A,0.8072677582078208,0.2685963895018975,0.4722270369529724,0.06742262
ENSG00000060138.13,YBX3,0.4968989861240022,0.2821458819919758,0.5692790746688843,307.56537
ENSG00000139083.11,ETV6,0.4356404754159341,0.2485237967674239,0.5758749842643738,18.768118
ENSG00000111269.3,CREBL2,0.230465583586639,0.1862820851601944,0.3348219692707062,35.120827
ENSG00000139154.16,AEBP2,0.3103107474543436,0.188711022104088,0.3500185310840606,12.44436
ENSG00000134532.20,SOX5,0.4263992555180563,0.2504369855290652,0.4630306363105774,2.4163215
ENSG00000123095.6,BHLHE41,0.3908012107702746,0.32424893417503,0.6433231234550476,23.609266
ENSG00000185610.6,DBX2,0.6780338336569192,0.3973542273184759,0.7421071529388428,0.6072886
ENSG00000189079.18,ARID2,0.299369962711741,0.154609177942168,0.2947912812232971,8.071411
ENSG00000111424.12,VDR,0.6353449078969723,0.3674084805245273,0.7545527815818787,8.502674
ENSG00000167528.13,ZNF641,0.2934255201413494,0.1871331961714397,0.3366884291172027,9.391905
ENSG00000123268.9,ATF1,0.2935675515888153,0.1858289832706031,0.3344843685626983,13.805501
ENSG00000110925.7,CSRNP2,0.2407332414177783,0.1606754161977761,0.304871141910553,19.194393
ENSG00000135457.11,TFCP2,0.1973440438238744,0.1463644396259969,0.2611225843429565,21.577156
ENSG00000184271.18,POU6F1,0.3408827879759975,0.2095397300580029,0.3842113018035888,15.3976965
ENSG00000123358.20,NR4A1,0.54353384995211,0.5525413446113533,1.2157509326934814,218.18549
ENSG00000139651.11,ZNF740,0.2637721377805654,0.1677703766193946,0.300075352191925,13.052929
ENSG00000172819.17,RARG,0.5448144809575606,0.2193475404859632,0.407153457403183,33.111202
ENSG00000170374.6,SP7,0.60321365328769,0.4115054832996246,0.8320459723472595,0.17295103
ENSG00000185591.10,SP1,0.3029918154516126,0.1534685129541632,0.2839542329311371,32.729397
ENSG00000170653.19,ATF7,0.3170409428266156,0.1666347992412396,0.2975340783596039,25.278149
ENSG00000123364.5,HOXC13,0.9184071382558406,0.6293160666736016,1.68305242061615,1.5398253
ENSG00000123407.4,HOXC12,0.891568123767705,0.4664416592480805,1.0258615016937256,0.6080442
ENSG00000123388.4,HOXC11,0.8429193739678521,0.4866027323297612,1.057589054107666,1.1879538
ENSG00000180818.5,HOXC10,0.8513795993562254,0.5857419765581002,1.2393962144851685,12.022842
ENSG00000197757.8,HOXC6,0.759173817002398,0.4166280494850822,0.8432164192199707,7.8946834
ENSG00000180806.5,HOXC9,0.7748562906813775,0.4328858354516998,0.8543738722801208,6.386498
ENSG00000037965.6,HOXC8,0.8122443715937572,0.4937602174648242,1.0157068967819214,5.200217
ENSG00000198353.8,HOXC4,0.6656552040844401,0.3613872519820492,0.6899878978729248,6.4139833
ENSG00000172789.4,HOXC5,0.6932753642511513,0.4099668109624989,0.8652114868164062,2.8233976
ENSG00000123405.14,NFE2,0.9335525700341578,0.4628984965772528,1.126700520515442,27.34088
ENSG00000161642.18,ZNF385A,0.4306516548695567,0.2580088113804449,0.4877516329288482,48.727398
ENSG00000123307.4,NEUROD4,0.964362457073666,0.3098038165246299,0.5819150805473328,0.28614798
ENSG00000123411.15,IKZF4,0.2877229532562467,0.1841661397002659,0.3489380478858948,6.833564
ENSG00000170515.14,PA2G4,0.2576529598701006,0.1674903045070678,0.3096422553062439,88.35807
ENSG00000170581.15,STAT2,0.3088168645898344,0.2176751428860131,0.4236631691455841,63.264038
ENSG00000076108.12,BAZ2A,0.2935413486189396,0.1611927804690664,0.2865535616874695,40.773624
ENSG00000166860.3,ZBTB39,0.3042577942011216,0.2287601103995156,0.4128502011299133,3.7224517
ENSG00000166888.13,STAT6,0.3866198957034256,0.1585511226922065,0.2808339893817901,120.47539
ENSG00000111087.10,GLI1,0.6031445747965297,0.4639019488309784,0.9485824704170228,4.5235186
ENSG00000175197.13,DDIT3,0.212452793598976,0.3089888918399842,0.661196768283844,73.8166
ENSG00000166987.15,MBD6,0.3907835789708686,0.1696199662883099,0.3080782890319824,56.578167
ENSG00000149948.14,HMGA2,0.8973582645564138,0.5063300686093766,1.2512876987457275,0.97937137
ENSG00000166268.11,MYRFL,0.715984746355306,0.4919569120186716,1.1266952753067017,0.58943987
ENSG00000173451.7,THAP2,0.2712576122474013,0.2705445371236908,0.540547788143158,2.9430246
ENSG00000165891.16,E2F7,0.8050971325788958,0.5217614179975765,1.2127983570098877,1.0173215
ENSG00000111046.4,MYF6,0.965862167208688,0.6772558327465561,2.1710188388824463,17.883564
ENSG00000111049.4,MYF5,0.945083282959312,0.9000938735034703,4.289170742034912,0.15576507
ENSG00000180318.4,ALX1,0.7524507747740239,0.4814340439281408,0.9969910383224488,0.42465907
ENSG00000102189.17,EEA1,0.3191395010530734,0.1959480793983542,0.3576010167598724,11.502911
ENSG00000120798.17,NR2C1,0.29613437867165,0.1865627361625196,0.3425496220588684,16.509726
ENSG00000111145.8,ELK3,0.4545658133402842,0.2525417651085473,0.498098224401474,25.986597
ENSG00000012504.15,NR1H4,0.8933002634195554,0.537088758467203,1.181512713432312,1.6787249
ENSG00000166211.8,SPIC,0.9629423612269032,0.605805314550909,1.255021333694458,0.40014184
ENSG00000139352.4,ASCL1,0.7672485437126433,0.4690258316571341,0.9504660964012146,3.43442
ENSG00000120837.8,NFYB,0.2704011251490046,0.1898272128284134,0.3521801829338074,28.89639
ENSG00000111783.13,RFX4,0.8078740223505755,0.333097383155357,0.6487330198287964,4.4148917
ENSG00000120832.11,MTERF2,0.2703036948160487,0.2035391511095674,0.375048965215683,9.875555
ENSG00000110851.12,PRDM4,0.2240336922488115,0.1479327362185561,0.2714952230453491,19.027306
ENSG00000187855.6,ASCL4,0.4721558173708559,0.5660197012782632,1.1837828159332275,0.054080367
ENSG00000139445.18,FOXN4,0.8368440260434404,0.5198604450634772,1.1701622009277344,0.70318025
ENSG00000111249.14,CUX2,0.7914415110169578,0.4883397685327101,1.0947977304458618,1.5931622
ENSG00000135148.12,TRAFD1,0.3156001266965103,0.1941008562459307,0.3709979951381683,31.25735
ENSG00000089116.4,LHX5,0.891485503626112,0.4606837879445463,0.8701580762863159,0.23807308
ENSG00000089225.20,TBX5,0.866159269843654,0.4133887428516142,0.8125448226928711,5.905723
ENSG00000135111.16,TBX3,0.6620105628835885,0.2767473779950094,0.5340124368667603,29.603485
ENSG00000135100.19,HNF1A,0.8721279635171748,0.4942337112442637,0.8868687748908997,0.54761666
ENSG00000089094.21,KDM2B,0.3174855728994118,0.1506435590074792,0.2729188799858093,5.8947906
ENSG00000175727.15,MLXIP,0.3861179338606873,0.1885782427439266,0.3477025032043457,37.441
ENSG00000179195.16,ZNF664,0.206968388581083,0.1504314869569017,0.2769708633422851,47.61969
ENSG00000196458.11,ZNF605,0.2787763850940956,0.2021762760404572,0.3748603761196136,6.3020263
ENSG00000198393.8,ZNF26,0.2773413183586333,0.1902110572381723,0.3538892269134521,2.3163157
ENSG00000198040.11,ZNF84,0.2561076070177665,0.1881652506241079,0.3465914130210876,12.279656
ENSG00000196387.10,ZNF140,0.2817480102350065,0.1926561702561736,0.3518414199352264,2.1582727
ENSG00000214029.6,ZNF891,0.3358927912072496,0.2359592684836017,0.4369805455207824,1.7184144
ENSG00000256223.6,ZNF10,0.4209208629301571,0.2519665582933431,0.4736429154872894,9.980914
ENSG00000090612.22,ZNF268,0.2372193697554136,0.1788401415403699,0.3204377293586731,2.7117543
ENSG00000227059.7,ANHX,0.9675242969522811,0.163814068342006,0.3043149709701538,0.307181
ENSG00000122034.17,GTF3A,0.16124614176056,0.1558514515300861,0.2951244115829468,60.978104
ENSG00000169840.5,GSX1,0.8875777447036565,0.4373689811887178,0.8705042600631714,0.07651506
ENSG00000139515.6,PDX1,0.9440263900787916,0.7329219249565917,2.373004913330078,0.2387111
ENSG00000165556.10,CDX2,0.955050100064093,0.4877323199809061,0.8646681308746338,2.4267864
ENSG00000120669.16,SOHLH2,0.7099208349158043,0.4680924454027255,0.9438750743865968,0.9942436
ENSG00000120693.16,SMAD9,0.4381872980428314,0.2648324342132348,0.5004940629005432,11.975736
ENSG00000150907.10,FOXO1,0.4699168454951382,0.2389738648325934,0.4457876980304718,31.752857
ENSG00000120690.17,ELF1,0.3821630865482344,0.183348860197019,0.3338993191719055,34.555595
ENSG00000102804.16,TSC22D1,0.3040661466997893,0.2415033214883219,0.4503444135189056,104.916084
ENSG00000136169.17,SETDB2,0.2853582802150287,0.1852828647833677,0.3305909633636474,7.2462344
ENSG00000276644.5,DACH1,0.4616958381725994,0.3435377425259109,0.687289834022522,3.3169372
ENSG00000102554.14,KLF5,0.7502544265835766,0.3794288684937119,0.8144168853759766,52.643654
ENSG00000118922.19,KLF12,0.2977670009830767,0.2324606488250855,0.4257746338844299,5.3409767
ENSG00000152192.8,POU4F1,0.6813754793662277,0.552921183096453,1.6128977537155151,0.14569086
ENSG00000125285.6,SOX21,0.7428900462590403,0.2619374836187034,0.4722883999347687,4.235274
ENSG00000134874.18,DZIP1,0.4031157543659528,0.2595356589095571,0.4901114702224731,11.940054
ENSG00000139793.21,MBNL2,0.242522282652633,0.2090655247390486,0.3858107924461365,38.80825
ENSG00000139800.9,ZIC5,0.9261116905910244,0.3200295151606659,0.614303708076477,2.035914
ENSG00000043355.12,ZIC2,0.9333672835449964,0.385826449563852,0.927693784236908,8.729764
ENSG00000182968.5,SOX1,0.7775938461056576,0.3223139898291113,0.6296639442443848,0.49162468
ENSG00000198176.13,TFDP1,0.2910060044158934,0.1683956087987225,0.3032808303833008,37.01597
ENSG00000198824.8,CHAMP1,0.3070626058688537,0.2068750499618488,0.382076233625412,7.5846324
ENSG00000165804.16,ZNF219,0.3269219213854114,0.197818951068819,0.3679984211921692,34.352512
ENSG00000165821.12,SALL2,0.5111580262882797,0.2414002616108227,0.4482404887676239,10.16899
ENSG00000092067.7,CEBPE,0.8362606882515082,0.5093891592139266,1.196325659751892,1.154117
ENSG00000290292.10,HOMEZ,0.3125404073271717,0.1860388391453323,0.3302719295024872,6.2726645
ENSG00000136367.15,ZFHX2,0.5507687424639565,0.2910090747211912,0.5517650246620178,1.6084098
ENSG00000129535.13,NRL,0.2598512928841777,0.1799059512106977,0.3306863009929657,1.1578302
ENSG00000213928.10,IRF9,0.2925050611682888,0.2204891187206401,0.4605531692504883,26.764206
ENSG00000100968.14,NFATC4,0.503864041927946,0.2603094860566325,0.4812383353710174,32.334423
ENSG00000176165.13,FOXG1,0.8277332228564014,0.4497188388287342,0.9060291647911072,3.5975752
ENSG00000151322.20,NPAS3,0.6037062777924725,0.257282824744365,0.506260335445404,1.505043
ENSG00000168348.4,INSM2,0.7650688098163921,0.4421120701683952,0.8482380509376526,0.2757254
ENSG00000136352.20,NKX2-1,0.9584148756762332,0.3937289542919107,0.8712352514266968,17.351534
ENSG00000136327.7,NKX2-8,0.8789002569806076,0.4857899939830521,1.0218892097473145,0.6435687
ENSG00000198807.13,PAX9,0.8923239814089787,0.4533506407061803,1.0637037754058838,4.961909
ENSG00000129514.8,FOXA1,0.848210358307226,0.529413445042611,1.0976660251617432,4.16467
ENSG00000182521.6,TBPL2,0.5285810926798412,0.4976642534928683,1.5554437637329102,0.027961567
ENSG00000165588.19,OTX2,0.933685352036942,0.6698943707390697,1.7886120080947876,0.8138332
ENSG00000184302.7,SIX6,0.9695798272788944,0.4497585623652507,0.9878248572349548,1.1430547
ENSG00000126778.12,SIX1,0.806139254652522,0.3655978374061063,0.810232400894165,4.0801606
ENSG00000100625.9,SIX4,0.5745243852262071,0.3325945126307882,0.7092620730400085,1.756318
ENSG00000100644.17,HIF1A,0.3731139328919358,0.2767166304244425,0.561478316783905,77.96806
ENSG00000140009.19,ESR2,0.571650734539815,0.3102746033167519,0.6459270119667053,0.8771104
ENSG00000089775.12,ZBTB25,0.2711167030665054,0.2234706996306809,0.4149525463581085,5.4305778
ENSG00000126804.14,ZBTB1,0.2947542698503612,0.1870840078263969,0.3441274166107178,19.339916
ENSG00000125952.21,MAX,0.2650072255570799,0.1658385624571687,0.313895434141159,34.645493
ENSG00000205683.12,DPF3,0.717219948187143,0.2689546727213233,0.5617668628692627,1.8710377
ENSG00000119725.21,ZNF410,0.2683297003857558,0.1387801866358199,0.2497602701187133,11.22646
ENSG00000119614.3,VSX2,0.6293996617671256,0.4694866095041451,0.9423564076423644,0.06145697
ENSG00000119608.15,PROX2,0.3455603359533133,0.3317482289508401,0.6282743811607361,0.5571277
ENSG00000170345.11,FOS,0.4879994637190784,0.5496950477691787,1.3208056688308716,330.1072
ENSG00000140044.13,JDP2,0.3296187060314532,0.2208765218561788,0.4371159672737121,16.023092
ENSG00000156127.8,BATF,0.737839084673327,0.4485504159819629,0.9287670850753784,10.552852
ENSG00000119715.15,ESRRB,0.6502031162614517,0.379276830207382,0.7609201669692993,0.625574
ENSG00000053254.16,FOXN3,0.3729117434802807,0.2068323406635344,0.3711545467376709,23.055233
ENSG00000133937.5,GSC,0.7410252350048007,0.473870901266218,1.0239379405975342,1.5201702
ENSG00000127152.18,BCL11B,0.687461446834455,0.4106357958637744,0.8403870463371277,3.5083716
ENSG00000100811.15,YY1,0.2105659318961164,0.1355444359143766,0.2443242818117141,30.98098
ENSG00000179627.10,ZBTB42,0.4036294297457032,0.242134676321415,0.4629964828491211,4.497905
ENSG00000169926.11,KLF13,0.2707741655176133,0.2229921236780611,0.4005130529403686,35.26237
ENSG00000198146.4,ZNF770,0.3217968906875856,0.2292455439238778,0.4262024164199829,14.712468
ENSG00000255192.7,NANOGP8,0.3917969887427747,0.4082676981593167,0.7791849970817566,0.116739705
ENSG00000134138.22,MEIS2,0.4389228711559165,0.2250459350891493,0.4195147156715393,10.100675
ENSG00000174197.19,MGA,0.2898391529032372,0.161480927442402,0.284010112285614,6.0863485
ENSG00000140265.14,ZSCAN29,0.2570223394886133,0.1592739985740934,0.2894625663757324,8.911861
ENSG00000169856.9,ONECUT1,0.9083414902260796,0.2882454294473838,0.5628251433372498,0.37619254
ENSG00000181827.16,RFX7,0.3017956772262555,0.1995578917132133,0.3965924084186554,5.7313437
ENSG00000137871.21,ZNF280D,0.302557762115722,0.1995540151286352,0.3663223683834076,9.332323
ENSG00000140262.18,TCF12,0.2840722704752156,0.1788778912304905,0.3367609977722168,17.88772
ENSG00000171956.7,FOXB1,0.8955142147725761,0.6158968443402217,1.441958785057068,0.18487416
ENSG00000069667.16,RORA,0.4695711641563395,0.2302936646403344,0.4269996285438537,15.612075
ENSG00000180357.10,ZNF609,0.2945934673899451,0.171701296361893,0.3168363273143768,12.869584
ENSG00000174446.13,SNAPC5,0.1690620022806353,0.1543271860414771,0.2747263610363006,21.575592
ENSG00000166949.18,SMAD3,0.3469611635797006,0.2055258219423034,0.410572201013565,27.22354
ENSG00000188779.12,SKOR1,0.4845018720120844,0.2779062244566894,0.5234822034835815,1.1441641
ENSG00000129028.9,THAP10,0.3604812321983863,0.227585835396561,0.4084643125534057,3.4514277
ENSG00000278570.5,NR2E3,0.4367812740976402,0.3138950836507168,0.5856942534446716,0.32894704
ENSG00000179361.18,ARID3B,0.4918800056447504,0.1804291093405466,0.3388778865337372,8.551023
ENSG00000159556.10,ISL2,0.7247628624814008,0.4289615746994863,0.8828177452087402,1.1074331
ENSG00000140382.15,HMG20A,0.2492708680433243,0.1755383108700326,0.3170812129974365,15.024512
ENSG00000172379.22,ARNT2,0.6521296607234365,0.2768841966363268,0.5128470063209534,21.022892
ENSG00000214575.10,CPEB1,0.5285540914597351,0.3020861496184274,0.5524269938468933,5.109808
ENSG00000169594.14,BNC1,0.8439565086615003,0.5253076462273418,1.2226855754852295,4.5613856
ENSG00000176371.14,ZSCAN2,0.3219957708541573,0.2146352971757745,0.3934541344642639,2.2011218
ENSG00000166716.10,ZNF592,0.2154520809882776,0.1345196679771592,0.2408292293548584,18.611717
ENSG00000166823.6,MESP1,0.5168430409512923,0.3342883243540717,0.6511241793632507,6.494173
ENSG00000188095.6,MESP2,0.4380961665133419,0.3957781507513357,0.7362720370292664,0.40844396
ENSG00000140548.10,ZNF710,0.2433900613919104,0.1810603187237538,0.3260768055915832,10.837013
ENSG00000196391.11,ZNF774,0.3472659819739246,0.2662416658388562,0.4868053197860718,1.661222
ENSG00000185551.15,NR2F2,0.5614667157247506,0.254446952374127,0.4964459240436554,46.87123
ENSG00000068305.19,MEF2A,0.2967551353711388,0.1851765270606426,0.341216892004013,32.349033
ENSG00000005513.11,SOX8,0.6961382480913735,0.3429878027812438,0.7058172225952148,14.260726
ENSG00000167962.15,ZNF598,0.2846925140657306,0.1793342005016454,0.3295889794826507,40.144875
ENSG00000167967.16,E4F1,0.2534802989860893,0.14301862250896,0.2605171799659729,31.549318
ENSG00000059122.17,FLYWCH1,0.2581485332112792,0.2191253490916759,0.4073395431041717,26.948135
ENSG00000130182.8,ZSCAN10,0.5497213912921473,0.3833325515632164,0.8472582101821899,0.077802084
ENSG00000122386.11,ZNF205,0.240160549523791,0.1756336625044267,0.3174364268779754,16.691198
ENSG00000085644.15,ZNF213,0.2272410339738609,0.1683844798957759,0.3003372550010681,14.589246
ENSG00000010539.12,ZNF200,0.3460088618420005,0.1824510910041615,0.3262135088443756,4.7140117
ENSG00000006194.11,ZNF263,0.2360837922486444,0.1507026887778939,0.2920710146427154,7.6709347
ENSG00000140993.11,TIGD7,0.2939547456224551,0.2204803364798341,0.4108406901359558,2.998061
ENSG00000162086.16,ZNF75A,0.247366086841848,0.1654209299256082,0.306928277015686,10.218046
ENSG00000140987.21,ZSCAN32,0.205335662561672,0.1474412670700599,0.2796445488929748,9.71868
ENSG00000103343.13,ZNF174,0.2362596004498602,0.1741166018969702,0.3159147202968597,8.933616
ENSG00000167981.7,ZNF597,0.2492094165777474,0.1808182750868501,0.3286095261573791,2.3434594
ENSG00000090447.12,TFAP4,0.3262701887073499,0.22514211431827,0.4130540490150451,10.03472
ENSG00000126603.9,GLIS2,0.4422268402038417,0.2565801062721036,0.5034719109535217,23.55835
ENSG00000103199.14,ZNF500,0.2907188322579269,0.1719934215139258,0.3108975291252136,7.2117357
ENSG00000140632.17,GLYR1,0.169469613251728,0.1285683685621524,0.2273194938898086,56.49316
ENSG00000155592.16,ZKSCAN2,0.2750553747377099,0.1949748111914891,0.3480431139469147,2.3527935
ENSG00000103495.15,MAZ,0.2156812462542947,0.1685183197904114,0.3096972107887268,29.765451
ENSG00000149922.12,TBX6,0.3816879898842251,0.2934964790613866,0.5571187734603882,2.4375722
ENSG00000180035.13,ZNF48,0.249267137457151,0.1871798892512934,0.3464032709598541,7.036555
ENSG00000179965.12,ZNF771,0.2967552376025435,0.207960930733482,0.3932566940784454,4.303853
ENSG00000169957.10,ZNF768,0.2117084341408122,0.1511904290839213,0.2772509753704071,43.73945
ENSG00000169955.8,ZNF747,0.2073441035296712,0.1473901173560034,0.2620258331298828,12.911018
ENSG00000169951.10,ZNF764,0.266883584443868,0.1790395673660788,0.324176013469696,5.6631355
ENSG00000229809.9,ZNF688,0.2215345906592723,0.1619860950417497,0.3000795245170593,18.377535
ENSG00000197162.10,ZNF785,0.2743396047110224,0.1993511016167514,0.36271733045578,7.467443
ENSG00000156853.13,ZNF689,0.3175261117651643,0.1956928117126448,0.351741075515747,6.4917965
ENSG00000080603.17,SRCAP,0.2525638293194019,0.1650535510331867,0.2938984632492065,28.089512
ENSG00000102870.6,ZNF629,0.2136258294791515,0.1742410336643765,0.3133124113082886,11.277473
ENSG00000099364.18,FBXL19,0.2987105970372485,0.1577152279112213,0.295675665140152,15.058851
ENSG00000167394.13,ZNF668,0.2492349080466522,0.190929617233661,0.3470011055469513,3.8582587
ENSG00000167395.10,ZNF646,0.3278509142997461,0.1636361400898256,0.2977707087993622,8.879095
ENSG00000176723.10,ZNF843,0.298069368239131,0.2360057033532294,0.424513429403305,0.9009024
ENSG00000185947.15,ZNF267,0.3632808743817188,0.2448991251069474,0.4961587190628052,7.343369
ENSG00000102935.12,ZNF423,0.3155375091881519,0.2595410156932364,0.4891831576824188,4.336987
ENSG00000103449.13,SALL1,0.6870103725999533,0.3277404815502795,0.6362699866294861,4.7236075
ENSG00000177508.12,IRX3,0.6948142105375206,0.42256544576928,0.9006460905075073,14.948481
ENSG00000176842.16,IRX5,0.7449676015303093,0.3915055236367984,0.7637900114059448,4.4183707
ENSG00000159387.8,IRX6,0.746485957931926,0.5526539704155252,1.2594212293624878,3.5033188
ENSG00000166188.3,ZNF319,0.2442715576849871,0.1828678977641195,0.3260945975780487,6.871853
ENSG00000249961.10,TERB1,0.8807567443112392,0.3868785293111176,0.7520129680633545,0.4378858
ENSG00000102878.18,HSF4,0.3664807967585887,0.2868291250866209,0.5318869948387146,47.090893
ENSG00000205250.9,E2F4,0.2507378239605121,0.133178808188226,0.2502743899822235,71.21146
ENSG00000102974.16,CTCF,0.2354853806589097,0.1558993197905571,0.2753300964832306,22.508356
ENSG00000102901.13,CENPT,0.323727574648531,0.185734353208979,0.3620182871818542,47.054516
ENSG00000168286.3,THAP11,0.2202695363614286,0.1629986429725593,0.2911490201950073,37.549366
ENSG00000072736.19,NFATC3,0.3468138822009785,0.2069402623543274,0.3810129761695862,7.935458
ENSG00000184939.16,ZFP90,0.23931179274811,0.1882898258572644,0.3403953909873962,11.9066105
ENSG00000132604.11,TERF2,0.1842267820695599,0.1282848329818051,0.2292431741952896,13.400116
ENSG00000102908.23,NFAT5,0.3191599818537186,0.2265007915227888,0.4094678163528442,11.77144
ENSG00000167377.19,ZNF23,0.2613293627917775,0.1896032342400166,0.3478280305862427,11.538792
ENSG00000157429.16,ZNF19,0.380368503011573,0.2087867208501203,0.3982211947441101,1.5534049
ENSG00000102984.15,ZNF821,0.4020254810910785,0.2152031797538266,0.3848450481891632,4.314291
ENSG00000140836.17,ZFHX3,0.4573283427862155,0.2179194628974565,0.4145977199077606,5.3817005
ENSG00000184517.12,ZFP1,0.2334999399381878,0.1979548218974728,0.3616989850997925,6.288201
ENSG00000178573.7,MAF,0.4645831501541005,0.2698351863959409,0.5395459532737732,28.077879
ENSG00000166454.10,ATMIN,0.182104240893199,0.159171050075545,0.285146027803421,22.095585
ENSG00000140968.12,IRF8,0.7186972712433513,0.4154945745889883,0.879209041595459,8.834106
ENSG00000103241.7,FOXF1,0.7382762556176417,0.3465169292110066,0.6826353669166565,18.133978
ENSG00000176692.8,FOXC2,0.7736600728856268,0.4099492935483418,1.0070067644119265,6.892966
ENSG00000176678.6,FOXL1,0.7219895608786536,0.3765290428852774,0.8282224535942078,3.442421
ENSG00000225614.4,ZNF469,0.4469219115098038,0.3687436960259512,0.7809022068977356,1.143206
ENSG00000179588.9,ZFPM1,0.2763994355913772,0.1858118698248903,0.3547841608524322,3.7485938
ENSG00000185669.6,SNAI3,0.4852216160722475,0.2998512361893758,0.5582817196846008,3.6930423
ENSG00000170100.14,ZNF778,0.223159408893763,0.1768341123502896,0.3150734901428222,2.9833746
ENSG00000158805.12,ZNF276,0.2807526017939052,0.1616244262565505,0.3034207820892334,19.564194
ENSG00000205899.4,BHLHA9,0.735624186014399,0.4324672120499254,0.8401910066604614,0.15187839
ENSG00000177374.13,HIC1,0.4535316428037009,0.3045747937820243,0.6045827269554138,10.239248
ENSG00000141258.13,SGSM2,0.2602904130185145,0.1739580029386788,0.3147697150707245,54.440266
ENSG00000070444.15,MNT,0.2561736804504764,0.1841897371631652,0.3312060832977295,15.348647
ENSG00000108509.21,CAMTA2,0.2315559245742462,0.141957657506828,0.2513900101184845,45.611225
ENSG00000180787.6,ZFP3,0.2351339061436648,0.2314220387632126,0.4199508130550384,3.6402364
ENSG00000167840.14,ZNF232,0.2997100343970561,0.2662493123728599,0.5787134766578674,8.16167
ENSG00000180626.10,ZNF594,0.3288337594927744,0.2480922052734306,0.455045223236084,4.583831
ENSG00000161940.11,BCL6B,0.4931919688658649,0.3646387768450509,0.7590650916099548,9.035568
ENSG00000006047.13,YBX2,0.9176788252296558,0.3803708161987424,0.7959816455841064,30.698183
ENSG00000174282.12,ZBTB4,0.2661095140030215,0.1608995460367641,0.2873002588748932,62.09253
ENSG00000129194.8,SOX15,0.5703649700071249,0.245791690110583,0.4520740509033203,15.838872
ENSG00000141510.19,TP53,0.3878745360742644,0.1870422261471868,0.3538052141666412,13.076903
ENSG00000179111.9,HES7,0.4949323292708808,0.4277369735244331,1.0041749477386477,1.0528365
ENSG00000154957.14,ZNF18,0.2293791186241284,0.1694157618540088,0.3107833564281463,9.47561
ENSG00000187607.16,ZNF286A,0.2852507243811272,0.1957684164503169,0.3683332502841949,2.974396
ENSG00000141040.15,ZNF287,0.2360071274447939,0.2043150225938492,0.3711497485637665,2.1583047
ENSG00000197566.10,ZNF624,0.3040614224164855,0.2308959641630225,0.4185767769813537,1.7529668
ENSG00000072310.18,SREBF1,0.328317609703323,0.2423515514105105,0.4626913666725158,62.825996
ENSG00000249459.12,ZNF286B,0.3970312722525267,0.3418240346982006,0.6288368105888367,0.56330913
ENSG00000274529.6,SEBOX,0.5784093712754853,0.3400144295904278,0.6290946006774902,0.07390853
ENSG00000109101.8,FOXN1,0.9196441582541008,0.5753452703152546,1.1752378940582275,5.8564014
ENSG00000010244.19,ZNF207,0.2720979471668796,0.1383125574109507,0.2603235244750976,28.254982
ENSG00000198783.6,ZNF830,0.241749210090272,0.1498471964270853,0.2716632187366485,14.707755
ENSG00000273706.5,LHX1,0.9395063905282628,0.6216133557966803,1.4933186769485474,1.6595408
ENSG00000275410.6,HNF1B,0.8596078196757286,0.47803320362676,0.885206937789917,2.9255881
ENSG00000277258.5,PCGF2,0.3294871598852296,0.1883158027235337,0.3415638208389282,27.859123
ENSG00000171532.5,NEUROD2,0.9161644007462248,0.5117617227017206,1.032268524169922,8.26688
ENSG00000161405.18,IKZF3,0.8382796752873108,0.407778698186523,0.9233005046844482,3.585624
ENSG00000126351.13,THRA,0.3546656890447084,0.1879984900652133,0.3425480127334595,47.757187
ENSG00000126368.6,NR1D1,0.4861334322655882,0.4095904454653308,0.8576062917709351,119.67764
ENSG00000131759.18,RARA,0.3831346017541742,0.2254414477806743,0.4121586680412292,34.458096
ENSG00000187595.18,ZNF385C,0.6026874170760724,0.3396872792002532,0.6567220687866211,2.7553842
ENSG00000173757.11,STAT5B,0.3328529870622412,0.1505977040991596,0.2728615999221802,55.418568
ENSG00000126561.18,STAT5A,0.4346644219421013,0.2224102853947973,0.4374544322490692,35.78563
ENSG00000168610.17,STAT3,0.2957672860530732,0.2368437667115853,0.4479153156280517,90.29412
ENSG00000108788.12,MLX,0.2299863234470892,0.1399527887000666,0.2559621036052704,51.40524
ENSG00000175832.13,ETV4,0.5687672862112573,0.4331541529777732,0.9372096061706544,3.8773546
ENSG00000005102.14,MEOX1,0.641341504926908,0.4135371447896933,0.8750272989273071,9.633305
ENSG00000073861.3,TBX21,0.7871442560998722,0.4309003803759561,0.8822886347770691,3.305423
ENSG00000189120.5,SP6,0.7264373573894224,0.41927192067551,0.9224246740341188,3.1580498
ENSG00000167182.16,SP2,0.2279230803168936,0.1501509239464412,0.2724361419677734,21.49559
ENSG00000082641.16,NFE2L1,0.3069224264315121,0.1852847010871717,0.3317828774452209,155.19612
ENSG00000120094.9,HOXB1,0.7785128869337381,0.424098371448983,0.8335170149803162,0.07583316
ENSG00000173917.11,HOXB2,0.536237575868964,0.2877559236233927,0.5363130569458008,12.199291
ENSG00000120093.12,HOXB3,0.5799816109975835,0.298708322551779,0.5714751482009888,9.085191
ENSG00000182742.6,HOXB4,0.5866790203195841,0.3026831610494512,0.5968978404998779,8.130924
ENSG00000120075.6,HOXB5,0.6986165990997114,0.3873197044633177,0.8666180968284607,3.7277114
ENSG00000108511.10,HOXB6,0.6835755922892518,0.4032479917985478,0.7799863219261169,1.2261522
ENSG00000260027.5,HOXB7,0.613902005472373,0.3255115606602011,0.6454523801803589,6.1391544
ENSG00000120068.7,HOXB8,0.8224505406836273,0.4692433040389368,0.9796645641326904,1.7095166
ENSG00000170689.10,HOXB9,0.86935659807514,0.4199163267657301,0.9062047004699708,1.6252153
ENSG00000159184.8,HOXB13,0.9560258048106774,0.5076233025644492,0.9840770959854126,2.9165316
ENSG00000198740.9,ZNF652,0.2464202795497122,0.1795583427513733,0.3324054777622223,8.834245
ENSG00000136504.15,KAT7,0.2563933840600424,0.1481133799531627,0.2620446383953094,12.954489
ENSG00000108813.12,DLX4,0.554824311789293,0.4109814776797168,0.8271970748901367,0.47323167
ENSG00000064195.7,DLX3,0.902457620155809,0.4788741850387734,1.0445948839187622,7.189073
ENSG00000243678.12,NME2,0.2743956021299268,0.1653358621127271,0.2992218434810638,358.4279
ENSG00000108924.14,HLF,0.3899262954424083,0.310306754548191,0.5914210081100464,18.007366
ENSG00000136451.9,VEZF1,0.280291854455989,0.1669534108886895,0.3016970157623291,29.83945
ENSG00000176160.11,HSF5,0.9442076561071454,0.3929009848178917,0.8540493845939636,1.4437218
ENSG00000121068.14,TBX2,0.5614970452476947,0.2744042886538952,0.5288563966751099,39.605637
ENSG00000121075.11,TBX4,0.931848320055324,0.4567579246727207,0.9585346579551696,2.6434639
ENSG00000171634.19,BPTF,0.2825392353235388,0.1685593062258384,0.3077430725097656,16.009386
ENSG00000125398.8,SOX9,0.4964619936075566,0.3736581238507981,0.7763189077377319,20.51724
ENSG00000129654.8,FOXJ1,0.8096059229319588,0.5673670888333386,1.5616189241409302,3.341757
ENSG00000173894.11,CBX2,0.5828546813589548,0.303849607067329,0.5852145552635193,2.1093733
ENSG00000197063.11,MAFG,0.1794893212305428,0.1860902083193709,0.3549902737140655,26.630415
ENSG00000169689.15,CENPX,0.2018361115352838,0.1662223382919262,0.3067087829113006,43.90158
ENSG00000141568.21,FOXK2,0.2176107568278071,0.1474437619309119,0.2763194441795349,14.382047
ENSG00000141579.7,ZNF750,0.8953512513408012,0.3963648441487246,0.9603129625320436,24.257679
ENSG00000177426.22,TGIF1,0.3534598845331304,0.2495547933152644,0.536492645740509,12.811383
ENSG00000198081.11,ZBTB14,0.2058701789802326,0.1838471353682237,0.3374678790569305,7.67294
ENSG00000154655.16,L3MBTL4,0.391866105494605,0.2518440165445388,0.4679003953933716,2.387395
ENSG00000175322.12,ZNF519,0.4019382867160629,0.2859639868561048,0.5459792613983154,1.4881674
ENSG00000141448.11,GATA6,0.6892267112234366,0.332318130291086,0.6534243226051331,14.820119
ENSG00000198795.11,ZNF521,0.5170746903303373,0.2705846652958101,0.5043035745620728,10.223298
ENSG00000186812.13,ZNF397,0.2313215864459059,0.1899397563896918,0.3459369540214538,9.857917
ENSG00000186814.15,ZSCAN30,0.2615885791642423,0.1898077284535816,0.3606109321117401,9.38592
ENSG00000172466.16,ZNF24,0.1761138425643756,0.1609805906136563,0.2935197055339813,21.747505
ENSG00000186496.12,ZNF396,0.3258746735757394,0.2398523834520907,0.441485196352005,1.3055668
ENSG00000152217.20,SETBP1,0.417464409235081,0.2493313900351888,0.4759942889213562,8.220344
ENSG00000215474.8,SKOR2,0.9192595209431428,0.5607373936705952,1.106511116027832,0.058525182
ENSG00000184828.10,ZBTB7C,0.5905809869212133,0.3053105637552717,0.5931215286254883,7.612531
ENSG00000141644.19,MBD1,0.2493876628437839,0.1346404568482538,0.2641758918762207,38.05982
ENSG00000154832.16,CXXC1,0.2719093580994828,0.1573101493112063,0.2816997766494751,62.02852
ENSG00000141646.17,SMAD4,0.2752799657010509,0.1538232198604935,0.275451123714447,18.85751
ENSG00000134046.12,MBD2,0.3116356716627942,0.141742296520074,0.25306236743927,34.012115
ENSG00000196628.20,TCF4,0.3231654550053127,0.205208403251695,0.3805190920829773,13.232492
ENSG00000119547.6,ONECUT2,0.7979504577086829,0.383233554830457,0.7215994000434875,0.41978803
ENSG00000074657.14,ZNF532,0.3728477360536354,0.1818160003087713,0.3389430046081543,22.72895
ENSG00000134438.10,RAX,0.9476287659311736,0.6371873155973015,1.5335310697555542,0.28375313
ENSG00000215421.10,ZNF407,0.2512500653806298,0.164629719586947,0.2947861850261688,3.8356822
ENSG00000179981.11,TSHZ1,0.302017503883099,0.193151058233424,0.3616201281547546,15.2009945
ENSG00000101493.11,ZNF516,0.5020688938385085,0.2186659170038807,0.411786288022995,13.413422
ENSG00000130856.18,ZNF236,0.2508147117686539,0.1602742090533429,0.2889165878295898,4.636426
ENSG00000256463.10,SALL3,0.7319974159505539,0.3006732737879957,0.560153603553772,0.5941621
ENSG00000131196.18,NFATC1,0.3909611826657946,0.2372584940681099,0.4893970191478729,7.7128696
ENSG00000101544.9,ADNP2,0.2742167081583081,0.1603551179913184,0.306455135345459,12.360802
ENSG00000116017.11,ARID3A,0.4975403649994522,0.2220418289270327,0.4133415222167969,6.2591743
ENSG00000071655.18,MBD3,0.1689125310229948,0.1442105962665944,0.2670852243900299,29.427967
ENSG00000071564.19,TCF3,0.380222486058654,0.1506577129968137,0.2869370579719543,23.045242
ENSG00000205922.5,ONECUT3,0.7921714825170235,0.5538150086836349,1.186227798461914,0.12046713
ENSG00000129911.9,KLF16,0.3086760719404076,0.2234067371949249,0.4278798997402191,15.483419
ENSG00000104885.19,DOT1L,0.3733486751647783,0.1970719758121648,0.369655966758728,17.853765
ENSG00000172006.12,ZNF554,0.2273604780215047,0.182860961829826,0.336021214723587,4.623076
ENSG00000186300.12,ZNF555,0.2886056708895579,0.1960925433061416,0.3644225299358368,1.8373798
ENSG00000172000.7,ZNF556,0.7408066293575282,0.3832914242246692,0.7628165483474731,0.24144047
ENSG00000171970.14,ZNF57,0.4263889321976425,0.3003337823840643,0.5475574731826782,1.6386886
ENSG00000175691.9,ZNF77,0.2535976625614874,0.1869583107992822,0.3540322482585907,4.039226
ENSG00000141905.19,NFIC,0.3202789761987517,0.1686257682496881,0.3002891540527344,50.650547
ENSG00000064961.19,HMG20B,0.3313569477451871,0.1504041024737327,0.2812986373901367,68.88154
ENSG00000173976.16,RAX2,0.8041662169902178,0.5341788057350576,1.2159662246704102,0.09774362
ENSG00000178951.9,ZBTB7A,0.2282131548515506,0.1426139305375889,0.2592820525169372,28.772816
ENSG00000060566.14,CREB3L3,0.958017499011485,0.6364197348740468,2.040802478790283,7.6104217
ENSG00000130254.13,SAFB2,0.260686275140224,0.179444514523655,0.3350885510444641,51.733208
ENSG00000160633.13,SAFB,0.2179890830392941,0.1399981073994383,0.2501818835735321,80.64365
ENSG00000087903.13,RFX2,0.4953383449793705,0.2911437117055507,0.6259918212890625,7.974007
ENSG00000130544.12,ZNF557,0.2524019231814053,0.1765029351327671,0.3269154131412506,2.2596223
ENSG00000198816.7,ZNF358,0.2418808540781423,0.1774251356386212,0.3283746242523193,91.41215
ENSG00000104976.13,SNAPC2,0.3222432359111659,0.1830414997766963,0.3283634483814239,28.879122
ENSG00000133250.14,ZNF414,0.2324979051339656,0.1698031063585644,0.3115237355232239,14.969168
ENSG00000167785.9,ZNF558,0.3212095409486252,0.2091144505759324,0.3918206691741943,9.183922
ENSG00000130803.15,ZNF317,0.2421813656186496,0.1406026584486223,0.2580568790435791,17.047745
ENSG00000196110.8,ZNF699,0.3063123549106473,0.2047105977001118,0.3778486251831054,2.1784563
ENSG00000188321.14,ZNF559,0.3563029153378381,0.2045031380947978,0.3886703550815582,6.239367
ENSG00000188629.14,ZNF177,0.3626542333729135,0.2609206011058051,0.4641737341880798,6.549212
ENSG00000174652.20,ZNF266,0.3312866296233065,0.2344400199118305,0.4356389939785003,32.588898
ENSG00000198028.4,ZNF560,0.8820671047386159,0.4844396663166203,0.932783842086792,0.40643585
ENSG00000130818.12,ZNF426,0.2963726453943209,0.1723477866169509,0.3246483504772186,4.838325
ENSG00000197961.12,ZNF121,0.2844000844851439,0.1900671955634074,0.3583123683929443,9.127763
ENSG00000171469.11,ZNF561,0.3070191519281259,0.1810934379040871,0.3328473269939422,11.419063
ENSG00000171466.10,ZNF562,0.251226640301711,0.1783279334609194,0.3332078456878662,1.9515531
ENSG00000196605.7,ZNF846,0.3180123375108153,0.2020612985846442,0.3779417276382446,4.9032345
ENSG00000127445.14,PIN1,0.251788398202967,0.140840374083873,0.2486711889505386,49.678547
ENSG00000130816.17,DNMT1,0.3673200005648482,0.1842980321665612,0.3399335145950317,17.648857
ENSG00000220201.8,ZGLP1,0.3925180249486802,0.3091142433739564,0.6028403639793396,5.623655
ENSG00000161914.10,ZNF653,0.3171186709271132,0.1663390162467001,0.2998306453227997,7.6687307
ENSG00000198551.10,ZNF627,0.2792412352532772,0.1923991698522769,0.3587929308414459,6.9987335
ENSG00000197933.13,ZNF823,0.3214699375290121,0.1864507755095139,0.3356401324272156,4.9456787
ENSG00000197044.11,ZNF441,0.2945770986362117,0.2467064315402755,0.4536169469356537,6.5025115
ENSG00000177599.13,ZNF491,0.3138263648286624,0.2376087204240643,0.4413134753704071,1.9934188
ENSG00000171295.13,ZNF440,0.3585837418946752,0.2131234566179643,0.4092600345611572,6.101449
ENSG00000171291.9,ZNF439,0.3412529538473163,0.2104243574762025,0.3947408199310303,7.7832274
ENSG00000198429.10,ZNF69,0.350904554426342,0.2402779312507461,0.4411891400814056,2.5669115
ENSG00000196757.8,ZNF700,0.3134795914840899,0.1804850105254292,0.3408294022083282,18.331377
ENSG00000197054.12,ZNF763,0.2987308994835904,0.2261456764155746,0.4238096475601196,3.4842865
ENSG00000197647.13,ZNF433,0.37197452803379,0.2073321466105789,0.3871388137340545,5.2886853
ENSG00000257446.4,ZNF878,0.4057475601788364,0.3275887177869264,0.6820027828216553,0.60741997
ENSG00000223547.10,ZNF844,0.2606926468879655,0.2322972337346442,0.4455332458019256,5.2013216
ENSG00000132010.16,ZNF20,0.3235114039741922,0.1844901212415087,0.3349754810333252,3.087086
ENSG00000257591.6,ZNF625,0.3111934260374119,0.2458150199680421,0.4521014392375946,1.4132767
ENSG00000196646.12,ZNF136,0.3045140906482028,0.196196356815338,0.3547264039516449,6.0457516
ENSG00000197857.16,ZNF44,0.2527477967489624,0.1714371089038475,0.3129616975784302,7.084739
ENSG00000188868.14,ZNF563,0.3944566241961537,0.2286625247771758,0.4174758195877075,3.4707298
ENSG00000198342.10,ZNF442,0.324069161909395,0.2997024153836737,0.5713992118835449,1.0972266
ENSG00000196466.10,ZNF799,0.2653726200593191,0.1838243271143059,0.3413439095020294,3.1560938
ENSG00000180855.16,ZNF443,0.2291387195691093,0.2154738030642889,0.4037258923053741,3.283642
ENSG00000242852.7,ZNF709,0.3474635520941437,0.2111033398165197,0.3869326412677765,1.8038626
ENSG00000249709.8,ZNF564,0.272481580702859,0.172623897476705,0.3144404888153076,6.818458
ENSG00000188033.10,ZNF490,0.2252889028580606,0.1870643390021925,0.3362725377082824,2.3474507
ENSG00000173875.14,ZNF791,0.2602333491979327,0.160958160833205,0.3046764433383941,11.563339
ENSG00000171223.6,JUNB,0.4823949364534785,0.4155778852449402,0.8440224528312683,554.4537
ENSG00000105610.6,KLF1,0.9044814993809998,0.4116163002181909,0.846464991569519,2.4380133
ENSG00000008441.19,NFIX,0.3594596595318153,0.2023942170582162,0.3656943440437317,64.59821
ENSG00000104903.5,LYL1,0.5903271368921522,0.2844463435375793,0.5657576322555542,17.656137
ENSG00000132024.18,CC2D1A,0.233131405311528,0.159150521050424,0.2817737460136413,30.765356
ENSG00000132005.9,RFX1,0.3373483580436613,0.1636681749017256,0.2973348498344421,12.354124
ENSG00000160961.12,ZNF333,0.350724226205645,0.1992316173397362,0.3758358061313629,7.8480444
ENSG00000105127.10,AKAP8,0.2639650938930752,0.1347581497264427,0.24135422706604,22.423292
ENSG00000011243.19,AKAP8L,0.264322776929961,0.1795731334058455,0.3339906334877014,55.471104
ENSG00000011451.21,WIZ,0.2301842629080318,0.137389750775439,0.2462694346904754,19.345285
ENSG00000127528.6,KLF2,0.5094702792331091,0.3604821563228667,0.732395589351654,79.99384
ENSG00000160113.6,NR2F6,0.2501391517594599,0.1837065558149155,0.3403676748275757,31.197414
ENSG00000130522.6,JUND,0.2920749267014846,0.2873872095233835,0.5637920498847961,254.11137
ENSG00000213999.17,MEF2B,0.405796383825237,0.2316233051689964,0.4385621249675751,12.191937
ENSG00000167491.18,GATAD2A,0.2599950235310636,0.1413543708532258,0.2681044638156891,25.98398
ENSG00000105717.14,PBX4,0.5845473364959186,0.3023848122863511,0.5851120948791504,6.173329
ENSG00000181896.12,ZNF101,0.3562687355845984,0.1874453218035272,0.34401935338974,4.201204
ENSG00000105708.9,ZNF14,0.2871065414049999,0.2236174828656097,0.4263037741184234,5.3320317
ENSG00000081665.15,ZNF506,0.2403423282384368,0.1972751599936234,0.3687270581722259,7.5072823
ENSG00000256771.5,ZNF253,0.2558095375825658,0.2140543034408807,0.3913905024528503,4.2783504
ENSG00000184635.17,ZNF93,0.3917250446874478,0.2537962094764672,0.4895497560501098,1.2438596
ENSG00000197124.12,ZNF682,0.2543725964800734,0.2274114708321328,0.4377262592315674,3.1177223
ENSG00000213988.11,ZNF90,0.4906650207176054,0.2890521136947209,0.5487139225006104,1.2870184
ENSG00000256229.8,ZNF486,0.4649961996886005,0.2369983038393811,0.4434391558170318,3.153915
ENSG00000237440.9,ZNF737,0.3103168190066733,0.245592960961312,0.4488125145435333,2.689219
ENSG00000188171.17,ZNF626,0.2578097948714412,0.2145034038503604,0.3921699523925781,2.7168763
ENSG00000160229.13,ZNF66,0.4471715187627955,0.2650856922099201,0.5070497989654541,0.6161287
ENSG00000105750.15,ZNF85,0.4222517005264216,0.2542101238277989,0.5259217619895935,2.0878859
ENSG00000118620.13,ZNF430,0.3113003290543273,0.1921722900373096,0.3512878715991974,2.8655128
ENSG00000160352.16,ZNF714,0.378305219762976,0.2634763864836608,0.5048696994781494,1.9850721
ENSG00000196705.8,ZNF431,0.3897842190574562,0.2199508077760808,0.4060048460960388,5.029025
ENSG00000182141.11,ZNF708,0.2855666488520896,0.2335659112186141,0.4337088167667389,4.904624
ENSG00000196268.12,ZNF493,0.3683430753889031,0.2423491983280901,0.4426711797714233,4.9067388
ENSG00000197013.11,ZNF429,0.2228097837885079,0.2054136279776759,0.3712534010410309,3.6756647
ENSG00000197020.12,ZNF100,0.3170468794199624,0.224910706406468,0.4133629500865936,3.116162
ENSG00000198521.12,ZNF43,0.2920604676364342,0.2106217904002391,0.3948244750499725,3.6065636
ENSG00000160321.16,ZNF208,0.4503478312964793,0.3514559225467022,0.6746220588684082,1.2428657
ENSG00000197134.13,ZNF257,0.3981892827384389,0.2939120611900038,0.5524664521217346,0.64208823
ENSG00000196109.9,ZNF676,0.5466686361521088,0.3354465566488597,0.6414175033569336,0.86939317
ENSG00000196350.9,ZNF729,0.8537382538545638,0.2036120714642713,0.3727595806121826,0.06394967
ENSG00000197360.9,ZNF98,0.5460218781124239,0.394463599895034,0.7407367825508118,0.22685567
ENSG00000229676.3,ZNF492,0.5049838414322396,0.3551386619271026,0.669550359249115,0.14859596
ENSG00000213973.10,ZNF99,0.6247316707395528,0.3546463563885244,0.6373368501663208,0.11781838
ENSG00000269067.2,ZNF728,0.5988443937585722,0.3906328143973733,0.7587642669677734,0.73795736
ENSG00000183850.14,ZNF730,0.6149301383048633,0.4230570041568948,0.8346736431121826,0.28063402
ENSG00000196081.10,ZNF724,0.4655115791764008,0.341083307318723,0.6440457701683044,0.36329177
ENSG00000167232.14,ZNF91,0.2493939855822603,0.1978741248330159,0.3613525629043579,5.1662846
ENSG00000197372.10,ZNF675,0.2993107646794106,0.2149971430537528,0.4062046110630035,2.8795407
ENSG00000196172.9,ZNF681,0.3554998374981938,0.2488593095693883,0.4590906500816345,1.0702425
ENSG00000213967.12,ZNF726,0.3920380004082376,0.289413808875862,0.5464942455291748,0.5567349
ENSG00000213096.11,ZNF254,0.2557209862411389,0.1986334861628852,0.3623066544532776,7.293377
ENSG00000198597.10,ZNF536,0.6560025944238392,0.3619282174655622,0.7662317752838135,2.1570702
ENSG00000121297.8,TSHZ3,0.5339869040374395,0.2293247882038602,0.4189857542514801,8.210991
ENSG00000168813.17,ZNF507,0.265661455146755,0.1594801779305315,0.2890321612358093,8.495601
ENSG00000245848.3,CEBPA,0.6588143938911134,0.3432443055045818,0.7056131362915039,30.510023
ENSG00000153879.9,CEBPG,0.2157711420509858,0.1799251804310816,0.3895819187164306,27.103245
ENSG00000089335.22,ZNF302,0.2355733184447471,0.1849776529800046,0.3465887010097503,28.992964
ENSG00000197841.15,ZNF181,0.2483715579976286,0.1974964856127589,0.3615649938583374,6.1233883
ENSG00000153896.19,ZNF599,0.3249957355757279,0.1841189220462897,0.3322183191776275,2.8664415
ENSG00000168661.15,ZNF30,0.2899356389538997,0.2235133986516447,0.406812310218811,4.600806
ENSG00000180884.10,ZNF792,0.3779620824626274,0.2303400159938552,0.4243625104427337,2.6441007
ENSG00000105698.16,USF2,0.1554002397074567,0.1338569605637735,0.2404363304376602,111.20873
ENSG00000105672.15,ETV2,0.5763871902892788,0.2401658311797819,0.4409050047397613,1.5389665
ENSG00000011590.14,ZBTB32,0.8981179190356389,0.3992633675039073,0.7707192897796631,4.174428
ENSG00000272333.8,KMT2B,0.2980753505207274,0.1481858182210096,0.2716720104217529,29.45457
ENSG00000161277.11,THAP8,0.262489420381302,0.202690821006967,0.3685576319694519,9.245763
ENSG00000105261.8,OVOL3,0.6800837915953352,0.4773669547013811,0.9290635585784912,0.376997
ENSG00000196357.12,ZNF565,0.2254386231485478,0.1841598102292686,0.3399664163589477,2.9653325
ENSG00000167635.12,ZNF146,0.2349741420427179,0.1539943562690126,0.3046882450580597,42.559135
ENSG00000142065.14,ZFP14,0.25759308010485,0.2190594547094055,0.4088774919509887,3.4496293
ENSG00000181007.9,ZFP82,0.3051292629458138,0.2187870578692121,0.3906795978546142,1.7904721
ENSG00000186017.16,ZNF566,0.2433584398222959,0.1859043713939277,0.3394078016281128,3.552416
ENSG00000254004.7,ZNF260,0.2167894821188081,0.1772814776015482,0.3366300463676452,6.2025404
ENSG00000186020.13,ZNF529,0.2456439172590092,0.2129575370549023,0.3833518028259277,7.5566072
ENSG00000161298.19,ZNF382,0.5543380855795347,0.2673403058425195,0.5002174973487854,2.3381648
ENSG00000197808.14,ZNF461,0.2661209126070222,0.1909549285788185,0.3459790647029876,4.048449
ENSG00000189042.14,ZNF567,0.2916196344229262,0.1996455071893243,0.3625122904777527,3.380379
ENSG00000267041.6,ZNF850,0.3453929896469745,0.2151391055131839,0.3910191357135772,0.9593467
ENSG00000197863.9,ZNF790,0.2366255518739208,0.1880947629629184,0.3447659909725189,2.814442
ENSG00000251247.13,ZNF345,0.3328340063932619,0.2197682179008395,0.4034425020217895,2.7621584
ENSG00000185869.15,ZNF829,0.3921851022751345,0.2149177265154281,0.3916537463665008,1.8506769
ENSG00000198453.15,ZNF568,0.2578122516393655,0.2000844690718107,0.366478830575943,1.8118786
ENSG00000197050.11,ZNF420,0.2458316575446217,0.1988831595577738,0.3597075045108795,4.6945863
ENSG00000196967.11,ZNF585A,0.2447940749535365,0.1863050833917069,0.3312815427780151,3.0484486
ENSG00000245680.11,ZNF585B,0.2595378130274448,0.1848382607106497,0.3292939662933349,5.764344
ENSG00000188283.12,ZNF383,0.2205098174123912,0.1798634284705324,0.3326243460178375,3.509597
ENSG00000189164.15,ZNF527,0.2435692970952049,0.1880235253865789,0.3433294594287872,2.37753
ENSG00000196437.12,ZNF569,0.277413081026759,0.2025119703218897,0.3658208847045898,3.1377106
ENSG00000171827.11,ZNF570,0.2231953168290827,0.1876021667971847,0.3497135639190674,2.763108
ENSG00000188227.14,ZNF793,0.3746193620400304,0.2403875997824425,0.4373859763145447,2.546809
ENSG00000171817.17,ZNF540,0.4165375045453774,0.2900521407643445,0.5437530875205994,8.174994
ENSG00000180479.15,ZNF571,0.2762742051457847,0.2136790208757739,0.3887845575809479,2.838678
ENSG00000120784.17,ZFP30,0.2797526860851781,0.1979745488745502,0.35696941614151,2.9127972
ENSG00000290988.1,ZNF781,0.4144156285724824,0.2956279582098807,0.5664620995521545,2.0523646
ENSG00000196381.13,ZNF781,0.8021023632805068,,,0.0009484341
ENSG00000198182.13,ZNF607,0.2990155808754942,0.2040304958731242,0.3677893280982971,3.9627602
ENSG00000189144.15,ZNF573,0.3221974640648909,0.2484633339746585,0.4599331617355346,1.1404325
ENSG00000011332.22,DPF1,0.7616227207957951,0.3593837838232075,0.7835330963134766,3.3115764
ENSG00000213921.8,LEUTX,0.6168537525898723,0.7269801055350973,1.991758942604065,0.009233543
ENSG00000187187.14,ZNF546,0.3142819155025999,0.2266796154578692,0.4207071363925934,2.3298297
ENSG00000128000.17,ZNF780B,0.3228242773895635,0.2487067012802393,0.4561507999897003,6.237323
ENSG00000197782.15,ZNF780A,0.259287489970556,0.1883326424888423,0.3550111055374145,3.7648313
ENSG00000142025.16,DMRTC2,0.974044860167866,0.5355581949189834,1.155617594718933,1.4786087
ENSG00000105732.13,ZNF574,0.3142502248104802,0.1691744431382294,0.3037863075733185,10.468585
ENSG00000028277.22,POU2F2,0.6138340865657133,0.3086004152688182,0.6091046929359436,4.590137
ENSG00000167625.12,ZNF526,0.2916761018343,0.1760970344300561,0.3150495886802673,5.3018117
ENSG00000105722.11,ERF,0.2792304308598672,0.2119564013026153,0.4261948764324188,48.377274
ENSG00000079432.9,CIC,0.3017619002998351,0.1746261268702974,0.3279677033424377,37.413357
ENSG00000176472.11,ZNF575,0.2586283732074501,0.2243086571640987,0.4152028858661651,2.907858
ENSG00000124444.16,ZNF576,0.2010869484721048,0.1476538978483508,0.2627516090869903,7.9744925
ENSG00000131116.12,ZNF428,0.2531786917397899,0.1797579345293443,0.3264769911766052,43.66719
ENSG00000167637.18,ZNF283,0.2736061208582057,0.1923482259745075,0.3560640811920166,1.917899
ENSG00000176222.10,ZNF404,0.3218812184384715,0.2991008809325616,0.5516535043716431,6.822732
ENSG00000124459.12,ZNF45,0.2651161088251633,0.1731940165790557,0.3060442805290222,6.1927476
ENSG00000159905.15,ZNF221,0.3448009923478466,0.2792579885404085,0.5136233568191528,0.98820037
ENSG00000204920.11,ZNF155,0.2560948828308564,0.2242636771210641,0.3998448550701141,3.823807
ENSG00000159882.13,ZNF230,0.2831915459698993,0.1942468074977767,0.3522908091545105,2.8286192
ENSG00000159885.14,ZNF222,0.2677232079479468,0.2099595480422875,0.395710289478302,4.162207
ENSG00000178386.13,ZNF223,0.2261178041067252,0.2083122266877903,0.378160685300827,3.7948542
ENSG00000186026.7,ZNF284,0.2625068012260333,0.2065278868292161,0.3831294476985931,2.913371
ENSG00000267680.6,ZNF224,0.2919050176070409,0.1913360256315011,0.3447730839252472,12.523549
ENSG00000256294.8,ZNF225,0.2614125749226599,0.2021324433734828,0.363288402557373,2.7957304
ENSG00000263002.8,ZNF234,0.2712606363041943,0.1904736741852541,0.3536880612373352,4.5624795
ENSG00000167380.17,ZNF226,0.2804309269719081,0.2092573325665968,0.39389768242836,8.265499
ENSG00000131115.16,ZNF227,0.2376017923896238,0.207600526696716,0.3851141333580017,6.6295753
ENSG00000159917.17,ZNF235,0.2506132705242272,0.1845574059695883,0.3426398038864136,3.2205558
ENSG00000159915.13,ZNF233,0.4577528177940309,0.2861223291459399,0.5383589863777161,1.479234
ENSG00000062370.17,ZNF112,0.2897473552627775,0.2115394432590799,0.3839954435825348,3.739748
ENSG00000267508.6,ZNF285,0.3582597975954625,0.247980445301734,0.4498568773269653,1.4910104
ENSG00000278318.5,ZNF229,0.2963173190606361,0.2366567347790653,0.4351442456245422,2.2587638
ENSG00000167384.11,ZNF180,0.2671766176563987,0.178439362362444,0.3294851183891296,3.8114188
ENSG00000104856.15,RELB,0.3990295188420716,0.3468154941030845,0.7781351208686829,17.218699
ENSG00000170684.10,ZNF296,0.5014242692367971,0.2624611672477384,0.5041597485542297,4.5923343
ENSG00000125740.15,FOSB,0.6775993180212043,0.7543843949898158,2.5226757526397705,52.467354
ENSG00000177045.11,SIX5,0.4658940489710026,0.2213199367803036,0.4029120802879333,16.16932
ENSG00000170608.3,FOXA3,0.8782615524869781,0.5432524719093239,1.1658556461334229,2.3115525
ENSG00000176182.6,MYPOP,0.2216136956421469,0.1844087960106703,0.3381235897541046,15.011413
ENSG00000124440.16,HIF3A,0.4421005366492757,0.3732330832058482,0.6898200511932373,33.405045
ENSG00000160007.20,ARHGAP35,0.2246928768282786,0.1851121925449745,0.3331857621669769,16.336655
ENSG00000130751.10,NPAS1,0.6288659676028243,0.3672592077793973,0.7601134181022644,2.7394223
ENSG00000105419.18,MEIS3,0.5725056035914262,0.2937040287857531,0.5733238458633423,13.936477
ENSG00000118156.13,ZNF541,0.7835350952557761,0.3281951357917462,0.6281876564025879,1.4405499
ENSG00000178928.9,TPRX1,0.8585352099872375,0.22518679736826,0.4137047231197357,0.07480722
ENSG00000105392.17,CRX,0.4408750575303253,0.2777248932824899,0.5074647068977356,0.013666318
ENSG00000178150.10,ZNF114,0.4762467408606587,0.3936714727552901,0.7631341218948364,0.4955018
ENSG00000105516.11,DBP,0.3604120057737039,0.348270129955301,0.6758508086204529,20.446188
ENSG00000074219.14,TEAD2,0.4637404237817146,0.2496570879506674,0.4706349372863769,27.566095
ENSG00000126464.15,PRR12,0.312427290692169,0.1907968592337895,0.3534179925918579,18.885262
ENSG00000126456.16,IRF3,0.32358720926569,0.1823229526784618,0.3400910198688507,64.77063
ENSG00000169136.13,ATF5,0.6502412380303154,0.2299998757049635,0.4671772122383117,50.199986
ENSG00000142528.16,ZNF473,0.3916282844300298,0.2035277759339971,0.4285470247268677,5.020717
ENSG00000131408.15,NR1H2,0.2347754334430371,0.1341885125059846,0.2533369958400726,55.488205
ENSG00000269404.7,SPIB,0.897056950305556,0.5752773857867801,1.344383955001831,3.0884018
ENSG00000105497.8,ZNF175,0.2805243777375126,0.1846292308151076,0.3329140543937683,5.0501995
ENSG00000161551.15,ZNF577,0.3538377163947315,0.2321261080256187,0.430292010307312,5.8599563
ENSG00000198093.11,ZNF649,0.2628183644313131,0.1908178752775806,0.3437010943889618,4.8750205
ENSG00000176024.18,ZNF613,0.2690459583043053,0.1748857536114215,0.3186950981616974,3.3197942
ENSG00000256683.7,ZNF350,0.2624286186897142,0.1726863502199016,0.3121614754199981,7.146838
ENSG00000197619.15,ZNF615,0.2629872557130507,0.1986462931636738,0.3661932647228241,5.896895
ENSG00000142556.19,ZNF614,0.2729437453154096,0.1785220363478989,0.3324454724788666,3.9991057
ENSG00000256087.7,ZNF432,0.2638694630976257,0.1896919207023092,0.3686930537223816,8.015467
ENSG00000197608.12,ZNF841,0.3433799052885182,0.2421972226251248,0.449936181306839,13.596079
ENSG00000204611.7,ZNF616,0.3088323494056899,0.196630404748104,0.3646808862686157,4.0916386
ENSG00000196267.14,ZNF836,0.3296189147356407,0.1835845598142546,0.3563342094421386,4.3580437
ENSG00000196214.11,ZNF766,0.2833083342568878,0.1665779271508754,0.3022556602954864,5.8753624
ENSG00000198464.14,ZNF480,0.2542979791962923,0.1685437419973508,0.3077055215835571,5.9002047
ENSG00000167554.15,ZNF610,0.3623732581504441,0.2763354707207267,0.5121775269508362,2.3949022
ENSG00000221923.9,ZNF880,0.2584517340486068,0.2002656452244442,0.3688716292381286,5.470277
ENSG00000167555.14,ZNF528,0.3065860427616164,0.2153227612946764,0.4034491777420044,9.612804
ENSG00000198633.11,ZNF534,0.5684769426242599,0.4144560865318886,0.8181394338607788,0.41550827
ENSG00000258405.11,ZNF578,0.4368085347493803,0.2471414364562406,0.4804636538028717,1.1060108
ENSG00000198482.14,ZNF808,0.2852629043728831,0.1985423462797154,0.3818156123161316,4.228027
ENSG00000167562.14,ZNF701,0.3062766575669806,0.1975033731864483,0.3553619086742401,2.8153057
ENSG00000167766.22,ZNF83,0.3921494842331055,0.3050861576642936,0.56044602394104,3.125085
ENSG00000213020.10,ZNF611,0.2418671511447463,0.1950179081030243,0.3505506515502929,2.8287663
ENSG00000189190.11,ZNF600,0.4117174677000721,0.2239765936538525,0.423273503780365,5.1040106
ENSG00000198538.11,ZNF28,0.2782305324521734,0.1892209115035697,0.3465910255908966,3.535998
ENSG00000204604.13,ZNF468,0.2986121856178925,0.1987747091088974,0.3626152575016022,3.7673588
ENSG00000182986.15,ZNF320,0.3038212528735638,0.2130203450308354,0.3942857980728149,5.0238914
ENSG00000213793.6,ZNF888,0.4543485621405295,0.2464996615937298,0.4520094394683838,3.1414552
ENSG00000180257.14,ZNF816,0.3750311844861709,0.2410990981609334,0.4613638818264007,2.7969565
ENSG00000170949.18,ZNF160,0.3119888362961112,0.2149388651371029,0.4096311628818512,15.466046
ENSG00000170954.12,ZNF415,0.3235302195194628,0.2237998629098606,0.4076659977436065,7.3437023
ENSG00000197937.13,ZNF347,0.3148948452672613,0.2038674719844056,0.3801507651805877,3.6614072
ENSG00000197497.11,ZNF665,0.3813346578671217,0.2383999187554905,0.4392679929733276,1.0578727
ENSG00000197928.11,ZNF677,0.3873120711710677,0.2104859048060931,0.3742921650409698,1.8319055
ENSG00000213799.13,ZNF845,0.2810859166610507,0.1997968440857021,0.3614048659801483,2.6046455
ENSG00000203326.12,ZNF525,0.3751601179102626,0.2158085781470948,0.3937351107597351,2.9547997
ENSG00000196417.13,ZNF765,0.3013519939946795,0.1813743469373773,0.3342408537864685,2.1155825
ENSG00000160336.17,ZNF761,0.3436327912763534,0.2036947992991755,0.3964540958404541,7.757154
ENSG00000198346.11,ZNF813,0.3688948049859832,0.2215037658950275,0.4056732356548309,1.4456518
ENSG00000130844.19,ZNF331,0.4467668212815153,0.3405734034138789,0.8007615804672241,16.440424
ENSG00000204595.3,DPRX,0.5550398948808635,0.6210404416140592,1.3553037643432615,0.20272271
ENSG00000197483.11,ZNF628,0.3329370124809535,0.1767152610740341,0.3173844516277313,7.306952
ENSG00000218891.5,ZNF579,0.2797040048793641,0.1805625367372168,0.3264162242412567,11.51555
ENSG00000179943.8,FIZ1,0.191679608129928,0.1459516853450322,0.2648899853229522,6.6893663
ENSG00000171443.7,ZNF524,0.2244443987355617,0.1716439658696231,0.3167506754398346,33.049416
ENSG00000261221.5,ZNF865,0.2371495498211175,0.156148708554904,0.28108611702919,20.104115
ENSG00000179922.6,ZNF784,0.3030709577145588,0.2023424692470264,0.3638395667076111,12.930316
ENSG00000213015.9,ZNF580,0.2748083084269992,0.1542048650100635,0.2823280990123749,39.089542
ENSG00000171425.10,ZNF581,0.3148761196228826,0.1846653546585906,0.3393184542655945,30.80306
ENSG00000142409.6,ZNF787,0.1996207831981434,0.1414232237162847,0.2573864459991455,17.481373
ENSG00000167685.15,ZNF444,0.2096187661912739,0.1710338100505734,0.3030132353305816,25.119019
ENSG00000197213.11,ZSCAN5B,0.6446645355669701,0.4281171169792875,0.8294218182563782,0.16100615
ENSG00000204532.9,ZSCAN5C,0.3009695431501512,0.3019026631797586,0.8206958174705505,0.031274647
ENSG00000131848.10,ZSCAN5A,0.3331063150685038,0.1709274466836418,0.3050849139690399,1.6247209
ENSG00000018869.18,ZNF582,0.2758540084164975,0.2096767274468047,0.3769100904464721,2.8188095
ENSG00000198440.9,ZNF583,0.2769560125101525,0.2070252663851105,0.3754121363162994,1.6231339
ENSG00000198046.13,ZNF667,0.4134496954733598,0.2693748613076921,0.5041218996047974,3.8042567
ENSG00000196263.8,ZNF471,0.3527240902317318,0.264370088012141,0.48089799284935,8.60646
ENSG00000196867.8,ZFP28,0.2919292089677703,0.2049768674414352,0.3771626055240631,5.220627
ENSG00000197016.12,ZNF470,0.2591562253756175,0.2009166764897028,0.3630691766738891,2.4465516
ENSG00000197951.11,ZNF71,0.2431588725758179,0.1776146475232581,0.3193843960762024,3.112131
ENSG00000127903.14,ZNF835,0.3736311443930046,0.2687824808368103,0.486796110868454,1.8415971
ENSG00000269699.8,ZIM2,0.7580089507405777,0.5152599663064099,1.0179831981658936,0.43187958
ENSG00000198300.14,PEG3,0.6839086895634943,0.3433295152005329,0.6894768476486206,7.977735
ENSG00000141946.1,ZIM3,0.8571723109802989,0.2027396556948345,0.3772481083869934,0.026403215
ENSG00000258873.3,DUXA,0.7611690553434811,0.6480830872498594,1.6154171228408811,0.05511206
ENSG00000083844.11,ZNF264,0.2351856560998354,0.1562595427949639,0.2859809398651123,4.8094783
ENSG00000204524.7,ZNF805,0.245712040235076,0.185897711775406,0.3406203985214233,2.640717
ENSG00000197714.9,ZNF460,0.3442645207886081,0.3212985391157987,0.7069726586341858,1.9451176
ENSG00000178229.8,ZNF543,0.3018050335752854,0.197372246640818,0.3555356860160827,2.7212794
ENSG00000131845.15,ZNF304,0.2500875430216473,0.1854913714119609,0.3515901565551758,7.5424557
ENSG00000152433.15,ZNF547,0.323019890333505,0.2536937263179173,0.4633114635944366,2.3479176
ENSG00000188785.13,ZNF548,0.293990375814616,0.1941285243709311,0.3658463954925537,7.1017127
ENSG00000186272.13,ZNF17,0.2336392515586733,0.17651532486102,0.3168107569217682,4.995153
ENSG00000186230.7,ZNF749,0.2278306625610048,0.1879912612500867,0.3478048145771026,2.5648484
ENSG00000197128.13,ZNF772,0.2776125232122199,0.2371968997916809,0.4243069589138031,2.8039496
ENSG00000105136.22,ZNF419,0.2501593734076792,0.2071550911949995,0.3836111724376678,6.710221
ENSG00000152439.13,ZNF773,0.255944817035019,0.2003213546257695,0.3771494925022125,1.9991637
ENSG00000121406.9,ZNF549,0.2991448767888809,0.1852762788385447,0.343017965555191,2.678052
ENSG00000251369.10,ZNF550,0.2929386956330737,0.2019568914461137,0.3812054693698883,4.7508965
ENSG00000083817.9,ZNF416,0.2783638145340238,0.2104253881590106,0.3726858496665954,4.4286265
ENSG00000171649.12,ZIK1,0.3229649436530904,0.2333769169441669,0.4115995764732361,2.5727236
ENSG00000183647.11,ZNF530,0.2977208788661757,0.2013244782146265,0.3733831942081451,1.9382386
ENSG00000213762.12,ZNF134,0.2466257447249795,0.1684689001493439,0.3007556200027466,9.247194
ENSG00000121417.14,ZNF211,0.2619791039587981,0.205782800630739,0.3800914287567138,11.668712
ENSG00000180532.12,ZSCAN4,0.5763636253633733,0.5090492777637166,1.0728119611740112,0.34502172
ENSG00000204519.11,ZNF551,0.366231663988883,0.2013616833587624,0.3715729713439941,3.9243743
ENSG00000179909.16,ZNF154,0.3932565299481601,0.2791393230723,0.515849232673645,4.4223332
ENSG00000083814.13,ZNF671,0.3837477347231952,0.2335918331317035,0.4185741245746612,6.928851
ENSG00000152443.13,ZNF776,0.2617163915653336,0.1921233718249138,0.3484894037246704,8.284039
ENSG00000083828.16,ZNF586,0.3217773995045415,0.2014952687321294,0.3609617054462433,5.8490996
ENSG00000178935.5,ZNF552,0.4668434502476069,0.2175423753608509,0.4093532562255859,5.6362553
ENSG00000269343.9,ZNF587B,0.3330717808851944,0.2468092355708649,0.4635193943977356,4.3461175
ENSG00000204514.11,ZNF814,0.2877349485557374,0.2123756382386148,0.4007362425327301,4.6375327
ENSG00000198466.12,ZNF587,0.2648030087968251,0.1874910909648761,0.3540142774581909,10.169012
ENSG00000173480.11,ZNF417,0.2556103860481613,0.1902171146872611,0.3412844538688659,4.6208463
ENSG00000196724.13,ZNF418,0.3095819397235169,0.2323347483465167,0.4300980865955353,4.3638496
ENSG00000152454.4,ZNF256,0.2900199137631995,0.1989665062078607,0.3771992027759552,5.781812
ENSG00000166704.13,ZNF606,0.288837922666779,0.1788422097428708,0.328721135854721,4.8280253
ENSG00000152467.10,ZSCAN1,0.6691670210198013,0.368816189920719,0.7250339388847351,1.2739241
ENSG00000176293.20,ZNF135,0.363592178628625,0.2269549954143875,0.4112933576107025,6.155858
ENSG00000121413.13,ZSCAN18,0.3012928157461256,0.1955835007005781,0.3654160797595978,25.189196
ENSG00000181894.15,ZNF329,0.2399984351708307,0.1863008638120583,0.3403762578964233,6.5214524
ENSG00000171606.18,ZNF274,0.2715833368044555,0.1637484833320442,0.3004853725433349,20.241821
ENSG00000198131.15,ZNF544,0.2711403823686309,0.1692486199208134,0.3015210032463074,6.502845
ENSG00000278129.2,ZNF8,0.2435567618910838,0.1823184282980285,0.3288216292858124,3.7205157
ENSG00000182318.7,ZSCAN22,0.2673535132090703,0.1876556463051567,0.3391504883766174,2.7040255
ENSG00000174586.11,ZNF497,0.3876785344671424,0.2408624103475214,0.4557011723518371,2.3042626
ENSG00000152475.7,ZNF837,0.3499248124357906,0.2188654395545993,0.3955627679824829,3.2434957
ENSG00000171574.19,ZNF584,0.2072868058604517,0.1649078808609397,0.2973454594612121,5.5518794
ENSG00000131849.14,ZNF132,0.2969903133288374,0.2115769930844844,0.3773386478424072,4.043548
ENSG00000249471.8,ZNF324B,0.2518904562182105,0.184859254310095,0.3352716267108917,2.4250238
ENSG00000083812.13,ZNF324,0.2436338561793457,0.1756083649365527,0.3155588805675506,5.4993057
ENSG00000083838.17,ZNF446,0.29236480430586,0.1624910211406303,0.3105058670043945,11.7840185
ENSG00000119574.13,ZBTB45,0.2046672195946005,0.1506408417340951,0.2715120613574981,11.141913
ENSG00000099326.9,MZF1,0.2896521324556307,0.1950858414467483,0.361424833536148,41.256165
ENSG00000177732.9,SOX12,0.3143523318182938,0.2245501138132681,0.4014153182506561,12.133454
ENSG00000125826.22,RBCK1,0.2538805596783419,0.1538609824340826,0.2782570719718933,35.55736
ENSG00000125878.7,TCF15,0.5736177654711943,0.3418144810071676,0.7141566276550293,3.7888374
ENSG00000215397.4,SCRT2,0.8856915235303146,0.4683245421921765,1.0266162157058716,0.3587932
ENSG00000088876.13,ZNF343,0.3028692704805528,0.1608523128491596,0.3048641085624695,10.607267
ENSG00000088881.22,EBF4,0.4961807834204529,0.2223043242892863,0.4076894223690033,17.809975
ENSG00000125817.8,CENPB,0.2048763202014429,0.1368350984616394,0.2535631358623504,81.08437
ENSG00000125850.11,OVOL2,0.7161945859953974,0.4236542922683619,0.7839264273643494,3.2909417
ENSG00000125846.17,ZNF133,0.2740673829496464,0.1734962731011395,0.3299283683300018,11.069246
ENSG00000173404.5,INSM1,0.8649775920412138,0.3928366169033945,0.7655353546142578,2.485706
ENSG00000125816.5,NKX2-4,0.9124178619591308,0.773568670127258,2.3370864391326904,0.12668703
ENSG00000125820.6,NKX2-2,0.8185054518974275,0.2944646888081176,0.6006307601928711,1.8259317
ENSG00000125813.15,PAX1,0.7540451002577733,0.5886934327818287,1.8235896825790403,0.12722515
ENSG00000125798.15,FOXA2,0.8686629780525984,0.613884373920796,1.3358831405639648,2.3209352
ENSG00000125812.16,GZF1,0.2104699057498021,0.1741156701951324,0.329172670841217,11.987957
ENSG00000100987.15,VSX1,0.8187680096282738,0.4543428207151438,0.919803023338318,0.95873433
ENSG00000130684.14,ZNF337,0.3936733865157915,0.2280161181269451,0.4182879328727722,7.2039075
ENSG00000179772.8,FOXS1,0.6994384140611891,0.452852373508318,0.9816774129867554,11.559868
ENSG00000126003.7,PLAGL2,0.3637097147648328,0.2070237807305916,0.371940553188324,9.848751
ENSG00000101412.13,E2F1,0.424005238696053,0.2604810303576028,0.5178048014640808,6.4697757
ENSG00000131061.15,ZNF341,0.2111657081203203,0.1877250976288699,0.3431093096733093,5.569268
ENSG00000025293.17,PHF20,0.2509204276989581,0.1667197857097946,0.3129066526889801,14.978543
ENSG00000118707.11,TGIF2,0.4366921669699661,0.1950452840208194,0.3644624650478363,10.845005
ENSG00000204103.4,MAFB,0.5434901142959624,0.3240486089982175,0.6677355766296387,36.251797
ENSG00000174306.22,ZHX3,0.2789575872737126,0.2015488774320797,0.3642933070659637,18.420366
ENSG00000185513.18,L3MBTL1,0.3581480373554765,0.2290078900765579,0.4147123396396637,7.2452984
ENSG00000101057.16,MYBL2,0.8573664576131306,0.5480524692997881,1.389914870262146,8.61997
ENSG00000101076.20,HNF4A,0.9168284134956224,0.4531965794549602,0.8318964838981628,2.3566687
ENSG00000124232.11,RBPJL,0.9740172639198994,0.6770722337037667,4.099933624267578,13.483582
ENSG00000101457.13,DNTTIP1,0.2458618771905647,0.1603438154103548,0.2895566821098327,35.342922
ENSG00000198026.8,ZNF335,0.2712576933109804,0.1456172779905004,0.262627512216568,16.598015
ENSG00000198185.12,ZNF334,0.4321214376115997,0.2861204017297961,0.5391319990158081,4.3732133
ENSG00000124151.19,NCOA3,0.3908375948854667,0.1716692107877368,0.3114569187164306,20.833199
ENSG00000124216.4,SNAI1,0.4705185327977206,0.3879138392745351,0.8616989254951477,13.655255
ENSG00000172216.7,CEBPB,0.4318806931416016,0.2962133205021088,0.5821847915649414,136.06389
ENSG00000101126.18,ADNP,0.2537552365690054,0.138531982489639,0.2498547583818435,27.665197
ENSG00000101096.20,NFATC2,0.3823394509356629,0.3222678201422641,0.6717305183410645,5.023035
ENSG00000101115.13,SALL4,0.7324909146007395,0.4268576717497602,0.9253143668174744,1.0444193
ENSG00000020256.20,ZFP64,0.2684972642559274,0.1840394312746236,0.3307735919952392,4.214388
ENSG00000182463.17,TSHZ2,0.4937229301895862,0.335612566619559,0.6684426069259644,4.116488
ENSG00000171940.14,ZNF217,0.4311886707120551,0.2319772073676259,0.4362728297710418,14.640574
ENSG00000087510.7,TFAP2C,0.7991714402040154,0.3890446596319111,0.7678834199905396,10.552914
ENSG00000124092.13,CTCFL,0.92914047055135,0.3294487243516488,0.7888133525848389,0.18974532
ENSG00000124203.7,ZNF831,0.5765692766067396,0.4007875286227664,0.8329418897628784,0.57541525
ENSG00000130700.7,GATA5,0.7983399488110916,0.5165453548562904,1.155489444732666,2.4024777
ENSG00000101190.13,TCFL5,0.4239251619415494,0.1864280555432261,0.3554224073886871,15.09221
ENSG00000125533.6,BHLHE23,0.6196579647475011,0.4117604149984738,0.8468495011329651,0.038963746
ENSG00000101216.11,GMEB2,0.2599719224028222,0.1407638295465992,0.2633447051048279,14.250814
ENSG00000197114.12,ZGPAT,0.2547591550481126,0.1376710310036843,0.2536516189575195,33.784317
ENSG00000125520.14,SLC2A4RG,0.2930070034461052,0.192077627380651,0.3581212759017944,62.77282
ENSG00000130584.12,ZBTB46,0.4739887981048881,0.2216380485513387,0.4135724008083343,5.85831
ENSG00000196700.9,ZNF512B,0.2644899211488876,0.1690963777649216,0.3067622184753418,21.21069
ENSG00000203883.7,SOX18,0.4413283269424566,0.3368151728023839,0.6858749389648438,30.516893
ENSG00000196132.14,MYT1,0.8595097851880015,0.3166840787181889,0.6447595357894897,2.6101835
ENSG00000154727.11,GABPA,0.259209797316587,0.1821193471324412,0.3249017000198364,14.358524
ENSG00000156273.16,BACH1,0.3556306546339856,0.2160982613372029,0.4107133150100708,14.36298
ENSG00000205927.5,OLIG2,0.8014557914190834,0.2749792216912907,0.528407633304596,4.9314814
ENSG00000184221.13,OLIG1,0.8070465170536559,0.5236078791261487,1.217513084411621,22.80518
ENSG00000159140.23,SON,0.2762504984794455,0.1586218736339563,0.2838664352893829,58.54578
ENSG00000159216.20,RUNX1,0.5225471368280648,0.4133771248336808,0.8718562126159668,7.953361
ENSG00000159263.16,SIM2,0.8724169410733804,0.5047259525433592,1.1047183275222778,1.2478645
ENSG00000157554.20,ERG,0.5457189969008351,0.2649342816176728,0.5395585298538208,10.932832
ENSG00000157557.13,ETS2,0.4123656064824366,0.2946203535312545,0.5863027572631836,101.79747
ENSG00000141956.14,PRDM15,0.2939918450360665,0.188583802366392,0.3759266436100006,4.900038
ENSG00000173276.14,ZBTB21,0.3007772662718607,0.2563637842013189,0.4969755709171295,7.590653
ENSG00000160199.15,PKNOX1,0.309089791444302,0.168106446098452,0.3245928287506103,9.801647
ENSG00000160224.17,AIRE,0.5807738024145411,0.4607272901518104,0.9968142509460448,0.50462097
ENSG00000063515.3,GSC2,0.907756524396606,0.4224774897190885,0.8281723260879517,0.23821478
ENSG00000184058.16,TBX1,0.6300211663844107,0.3944911816980766,0.8667160272598267,6.402174
ENSG00000185252.19,ZNF74,0.2551579755798484,0.2028823693963106,0.3650257587432861,6.5586762
ENSG00000184436.12,THAP7,0.2495657389665552,0.1639378666490432,0.3057723045349121,32.049316
ENSG00000169635.10,HIC2,0.2933656670846392,0.1814712781507245,0.3307272791862488,3.7145994
ENSG00000275004.4,ZNF280B,0.6526713920279871,0.3166681295062086,0.5655904412269592,1.7204201
ENSG00000169548.3,ZNF280A,0.84174004712798,0.4837196090220894,0.969499945640564,0.07200993
ENSG00000187792.5,ZNF70,0.3278108764509387,0.2219110952890561,0.4097715020179748,2.6014104
ENSG00000100219.17,XBP1,0.5155620296744826,0.2506139618009286,0.4772398769855499,157.22342
ENSG00000100105.18,PATZ1,0.2745002271232883,0.1665507880700096,0.306908905506134,14.273012
ENSG00000175329.13,ISX,0.951126586053288,0.5659989481157224,1.3537423610687256,1.2493461
ENSG00000100146.20,SOX10,0.6799009750251471,0.3618816720101433,0.7406229376792908,24.114666
ENSG00000185022.12,MAFF,0.4415767147688655,0.4141968404083718,0.9025551080703736,57.177933
ENSG00000128272.19,ATF4,0.2871991684997808,0.1720907788434268,0.3326839506626129,405.52423
ENSG00000167074.15,TEF,0.3466111414013483,0.2765037971375211,0.501510739326477,33.341557
ENSG00000198911.13,SREBF2,0.2573061075138448,0.2022681623475045,0.3708740770816803,66.34494
ENSG00000100207.21,TCF20,0.2560814080176916,0.1688796803856077,0.3011739253997803,9.919981
ENSG00000186951.17,PPARA,0.2491909833533938,0.2070529173889894,0.377263993024826,7.8168817
ENSG00000100426.8,ZBED4,0.2817040456022341,0.1514617273731604,0.2733794748783111,5.15522
ENSG00000185960.15,SHOX,0.8077835629727602,0.6627282863734716,1.7687690258026123,0.20689857
ENSG00000214717.12,ZBED1,0.2123574924993491,0.1549718250083833,0.2829193770885467,32.58366
ENSG00000230797.3,YY2,0.3676684496191522,0.2548154796029755,0.4632904231548309,1.0684884
ENSG00000005889.16,ZFX,0.3160946889234928,0.2062445487341016,0.3785262405872345,9.441434
ENSG00000004848.8,ARX,0.8850654487409381,0.4562168492622819,0.9238717555999756,2.9754684
ENSG00000169297.8,NR0B1,0.8662403570817533,0.4085269301695331,0.9000205993652344,2.191647
ENSG00000251192.8,ZNF674,0.2160388272912305,0.1938943959042429,0.3610993325710296,1.6381612
ENSG00000147117.8,ZNF157,0.490956206853441,0.3377168282425615,0.6314972639083862,0.33922136
ENSG00000147124.13,ZNF41,0.1851669255034957,0.1598148093787584,0.2901232242584228,5.4515414
ENSG00000126767.19,ELK1,0.3167176082393269,0.1784879693121036,0.3267544209957123,25.934862
ENSG00000197779.15,ZNF81,0.2394041784224034,0.1841818155921731,0.3462461531162262,2.5525692
ENSG00000147118.12,ZNF182,0.2927884636675484,0.19760760993066,0.3558903038501739,9.6022835
ENSG00000221994.12,ZNF630,0.3133614635263366,0.2457942409141675,0.4651861190795898,2.4826205
ENSG00000102145.16,GATA1,0.819614416528519,0.4321330633169646,0.8793706893920898,2.368965
ENSG00000068323.17,TFE3,0.2651030996271509,0.166475189005564,0.3063220679759979,73.6058
ENSG00000049768.18,FOXP3,0.4767356892426908,0.3291681096026045,0.6249157190322876,0.99823046
ENSG00000189299.7,FOXR2,0.9535374631353511,0.1961380015519055,0.3478776216506958,0.05747927
ENSG00000102349.18,KLF8,0.485096873906443,0.2419469856417241,0.4480361938476562,10.005341
ENSG00000198455.5,ZXDB,0.231335406407011,0.1862146714675215,0.3380375802516937,5.7866335
ENSG00000198205.7,ZXDA,0.2641052547044007,0.2048621200178682,0.3719730675220489,2.4840713
ENSG00000169083.18,AR,0.6380388016421624,0.2768848041322839,0.5067557692527771,5.6309023
ENSG00000184481.18,FOXO4,0.2506212830356192,0.2017456994866799,0.3734500110149383,28.492437
ENSG00000131264.4,CDX4,0.9058157757040816,0.4467187148554113,0.8501498103141785,0.08526933
ENSG00000122145.15,TBX22,0.945178675492298,0.5436685577724264,1.1791799068450928,1.5566518
ENSG00000196767.9,POU3F4,0.8675944508500423,0.3652926464212777,0.7397273778915405,1.334066
ENSG00000165259.14,HDX,0.3417866119609265,0.2282420974499257,0.4379189312458038,1.567502
ENSG00000147180.17,ZNF711,0.4561394737123866,0.2520171079999339,0.4602920114994049,7.5451646
ENSG00000126733.22,DACH2,0.7426438618061119,0.4717473968754196,1.00798237323761,0.6146982
ENSG00000147183.10,CPXCR1,0.9722086702035636,0.3211050291342662,0.5829101800918579,0.21897672
ENSG00000153779.11,TGIF2LX,0.9758736444640403,0.2809088051388309,0.4999086856842041,0.29039967
ENSG00000166432.16,ZMAT1,0.404053962763052,0.2698857191918472,0.5110912919044495,17.21514
ENSG00000123576.5,ESX1,0.9691215978168468,0.2236075237304106,0.3974591493606567,0.46846163
ENSG00000186416.18,NKRF,0.2426129784611819,0.1795851812149136,0.3887508511543274,10.263077
ENSG00000203989.5,RHOXF2B,0.9472278200327034,0.4068418199169216,0.7295294404029846,0.13129102
ENSG00000101883.6,RHOXF1,0.4540598784931071,0.3631588557153439,0.6611316800117493,1.1548005
ENSG00000131721.6,RHOXF2,0.8842314082945115,0.2290644724307685,0.423859566450119,0.14266713
ENSG00000177485.7,ZBTB33,0.2492488701846089,0.1811657118681269,0.3290634155273437,8.883244
ENSG00000102034.18,ELF4,0.4952854906336716,0.2061031436679798,0.3859279453754425,14.574095
ENSG00000056277.16,ZNF280C,0.3281936424437044,0.184052379535655,0.3401968777179718,2.8647838
ENSG00000183434.10,TFDP3,0.9631522492790984,0.4622592449563215,1.159207820892334,0.23104587
ENSG00000186376.16,ZNF75D,0.2907484232564651,0.1678304949945491,0.3108883798122406,7.699665
ENSG00000173275.13,ZNF449,0.288146116724059,0.2518968706063541,0.4838075637817383,5.735254
ENSG00000156925.12,ZIC3,0.9133939463911888,0.3027119616470827,0.5888975858688354,1.0428492
ENSG00000134595.9,SOX3,0.8033830174935767,0.3708740625051734,0.7307055592536926,0.27345642
ENSG00000268738.3,HSFX2,0.437587768350794,0.694781602662245,1.4535338878631592,0.08026387
ENSG00000171116.7,HSFX1,0.3865559433016973,0.501708178905335,0.9180907011032104,0.16845782
ENSG00000063587.15,ZNF275,0.4017282620425305,0.204595400246071,0.3846030235290527,11.664273
ENSG00000189420.9,ZFP92,0.442586014621192,0.2737007837460106,0.5268118977546692,1.924314
ENSG00000169057.26,MECP2,0.2585685373119695,0.1591169159660189,0.287857323884964,16.24979
ENSG00000292354.1,SHOX,0.0,,,0.0
ENSG00000292345.1,ZBED1,0.0,,,0.0
ENSG00000184895.8,SRY,0.8019470985204136,0.6503228430895557,1.3108433485031128,0.072705805
ENSG00000067646.12,ZFY,0.3775845150612471,0.4589964472731934,0.8268136978149414,3.4896204
ENSG00000176679.9,TGIF2LY,0.973889258542737,0.256617975253317,0.4674419462680816,0.12684424
ENSG00000172468.14,HSFY1,0.75525622544153,,,0.000592527
ENSG00000169953.12,HSFY2,0.6145985686137692,,,0.0005944565
